image_path,context,dataset,quality_score,analytics_readiness_score,analytics_readiness_status,detected_issues
C:\Users\Shreya Dubey\OneDrive\Documents\Projects\visionguard\datasets\smart_city_benchmark\cctv\mot17_001.jpg,CCTV Surveillance,MOT17,38,23.29,NOT READY,"[{""type"":""overexposure"",""severity"":""high"",""metric"":""bright_pixel_ratio"",""value"":15.39,""threshold"":10.0,""impact"":""Highlight clipping may reduce reliability of downstream visual analytics."",""confidence"":1.0,""description"":""Bright regions are losing visual information.""}]"
C:\Users\Shreya Dubey\OneDrive\Documents\Projects\visionguard\datasets\smart_city_benchmark\cctv\mot17_002.jpg,CCTV Surveillance,MOT17,51,51.39,LIMITED READINESS,[]
C:\Users\Shreya Dubey\OneDrive\Documents\Projects\visionguard\datasets\smart_city_benchmark\cctv\mot17_003.jpg,CCTV Surveillance,MOT17,18,17.74,CRITICAL / REJECT,[]
C:\Users\Shreya Dubey\OneDrive\Documents\Projects\visionguard\datasets\smart_city_benchmark\cctv\mot17_004.jpg,CCTV Surveillance,MOT17,51,31.39,NOT READY,"[{""type"":""insufficient_sharpness"",""severity"":""high"",""metric"":""laplacian_variance"",""value"":21.2,""threshold"":40.0,""impact"":""Reduced edge detail may lower detection reliability for small, distant, or fast-moving objects."",""confidence"":1.0,""description"":""Image sharpness is below the recommended range.""}]"
C:\Users\Shreya Dubey\OneDrive\Documents\Projects\visionguard\datasets\smart_city_benchmark\cctv\mot17_005.jpg,CCTV Surveillance,MOT17,62,62.49,READY,[]
C:\Users\Shreya Dubey\OneDrive\Documents\Projects\visionguard\datasets\smart_city_benchmark\cctv\mot17_006.jpg,CCTV Surveillance,MOT17,51,31.39,NOT READY,"[{""type"":""insufficient_sharpness"",""severity"":""high"",""metric"":""laplacian_variance"",""value"":21.25,""threshold"":40.0,""impact"":""Reduced edge detail may lower detection reliability for small, distant, or fast-moving objects."",""confidence"":1.0,""description"":""Image sharpness is below the recommended range.""}]"
C:\Users\Shreya Dubey\OneDrive\Documents\Projects\visionguard\datasets\smart_city_benchmark\cctv\mot17_007.jpg,CCTV Surveillance,MOT17,47,46.69,LIMITED READINESS,[]
C:\Users\Shreya Dubey\OneDrive\Documents\Projects\visionguard\datasets\smart_city_benchmark\cctv\mot17_008.jpg,CCTV Surveillance,MOT17,51,51.39,LIMITED READINESS,[]
C:\Users\Shreya Dubey\OneDrive\Documents\Projects\visionguard\datasets\smart_city_benchmark\cctv\mot17_009.jpg,CCTV Surveillance,MOT17,38,23.29,NOT READY,"[{""type"":""overexposure"",""severity"":""high"",""metric"":""bright_pixel_ratio"",""value"":16.04,""threshold"":10.0,""impact"":""Highlight clipping may reduce reliability of downstream visual analytics."",""confidence"":1.0,""description"":""Bright regions are losing visual information.""}]"
C:\Users\Shreya Dubey\OneDrive\Documents\Projects\visionguard\datasets\smart_city_benchmark\cctv\mot17_010.jpg,CCTV Surveillance,MOT17,57,37.43,NOT READY,"[{""type"":""insufficient_sharpness"",""severity"":""high"",""metric"":""laplacian_variance"",""value"":34.11,""threshold"":40.0,""impact"":""Reduced edge detail may lower detection reliability for small, distant, or fast-moving objects."",""confidence"":1.0,""description"":""Image sharpness is below the recommended range.""}]"
C:\Users\Shreya Dubey\OneDrive\Documents\Projects\visionguard\datasets\smart_city_benchmark\cctv\mot17_011.jpg,CCTV Surveillance,MOT17,70,69.86,READY,[]
C:\Users\Shreya Dubey\OneDrive\Documents\Projects\visionguard\datasets\smart_city_benchmark\cctv\mot17_012.jpg,CCTV Surveillance,MOT17,51,51.39,LIMITED READINESS,[]
C:\Users\Shreya Dubey\OneDrive\Documents\Projects\visionguard\datasets\smart_city_benchmark\cctv\mot17_013.jpg,CCTV Surveillance,MOT17,47,46.69,LIMITED READINESS,[]
C:\Users\Shreya Dubey\OneDrive\Documents\Projects\visionguard\datasets\smart_city_benchmark\cctv\mot17_014.jpg,CCTV Surveillance,MOT17,59,59.32,LIMITED READINESS,[]
C:\Users\Shreya Dubey\OneDrive\Documents\Projects\visionguard\datasets\smart_city_benchmark\cctv\mot17_015.jpg,CCTV Surveillance,MOT17,59,59.32,LIMITED READINESS,[]
C:\Users\Shreya Dubey\OneDrive\Documents\Projects\visionguard\datasets\smart_city_benchmark\cctv\mot17_016.jpg,CCTV Surveillance,MOT17,24,24.44,NOT READY,[]
C:\Users\Shreya Dubey\OneDrive\Documents\Projects\visionguard\datasets\smart_city_benchmark\cctv\mot17_017.jpg,CCTV Surveillance,MOT17,51,51.39,LIMITED READINESS,[]
C:\Users\Shreya Dubey\OneDrive\Documents\Projects\visionguard\datasets\smart_city_benchmark\cctv\mot17_018.jpg,CCTV Surveillance,MOT17,51,51.45,LIMITED READINESS,[]
C:\Users\Shreya Dubey\OneDrive\Documents\Projects\visionguard\datasets\smart_city_benchmark\cctv\mot17_019.jpg,CCTV Surveillance,MOT17,59,59.32,LIMITED READINESS,[]
C:\Users\Shreya Dubey\OneDrive\Documents\Projects\visionguard\datasets\smart_city_benchmark\cctv\mot17_020.jpg,CCTV Surveillance,MOT17,18,17.74,CRITICAL / REJECT,[]
C:\Users\Shreya Dubey\OneDrive\Documents\Projects\visionguard\datasets\smart_city_benchmark\cctv\mot17_021.jpg,CCTV Surveillance,MOT17,42,41.98,LIMITED READINESS,[]
C:\Users\Shreya Dubey\OneDrive\Documents\Projects\visionguard\datasets\smart_city_benchmark\cctv\mot17_022.jpg,CCTV Surveillance,MOT17,58,57.6,LIMITED READINESS,[]
C:\Users\Shreya Dubey\OneDrive\Documents\Projects\visionguard\datasets\smart_city_benchmark\cctv\mot17_023.jpg,CCTV Surveillance,MOT17,38,23.29,NOT READY,"[{""type"":""overexposure"",""severity"":""high"",""metric"":""bright_pixel_ratio"",""value"":16.4,""threshold"":10.0,""impact"":""Highlight clipping may reduce reliability of downstream visual analytics."",""confidence"":1.0,""description"":""Bright regions are losing visual information.""}]"
C:\Users\Shreya Dubey\OneDrive\Documents\Projects\visionguard\datasets\smart_city_benchmark\cctv\mot17_024.jpg,CCTV Surveillance,MOT17,68,68.11,READY,[]
C:\Users\Shreya Dubey\OneDrive\Documents\Projects\visionguard\datasets\smart_city_benchmark\cctv\mot17_025.jpg,CCTV Surveillance,MOT17,47,46.69,LIMITED READINESS,[]
C:\Users\Shreya Dubey\OneDrive\Documents\Projects\visionguard\datasets\smart_city_benchmark\cctv\mot17_026.jpg,CCTV Surveillance,MOT17,62,62.49,READY,[]
C:\Users\Shreya Dubey\OneDrive\Documents\Projects\visionguard\datasets\smart_city_benchmark\cctv\mot17_027.jpg,CCTV Surveillance,MOT17,68,68.11,READY,[]
C:\Users\Shreya Dubey\OneDrive\Documents\Projects\visionguard\datasets\smart_city_benchmark\cctv\mot17_028.jpg,CCTV Surveillance,MOT17,47,46.69,LIMITED READINESS,[]
C:\Users\Shreya Dubey\OneDrive\Documents\Projects\visionguard\datasets\smart_city_benchmark\cctv\mot17_029.jpg,CCTV Surveillance,MOT17,32,32.31,NOT READY,[]
C:\Users\Shreya Dubey\OneDrive\Documents\Projects\visionguard\datasets\smart_city_benchmark\cctv\mot17_030.jpg,CCTV Surveillance,MOT17,51,51.39,LIMITED READINESS,[]
C:\Users\Shreya Dubey\OneDrive\Documents\Projects\visionguard\datasets\smart_city_benchmark\cctv\mot17_031.jpg,CCTV Surveillance,MOT17,38,23.29,NOT READY,"[{""type"":""overexposure"",""severity"":""high"",""metric"":""bright_pixel_ratio"",""value"":16.57,""threshold"":10.0,""impact"":""Highlight clipping may reduce reliability of downstream visual analytics."",""confidence"":1.0,""description"":""Bright regions are losing visual information.""}]"
C:\Users\Shreya Dubey\OneDrive\Documents\Projects\visionguard\datasets\smart_city_benchmark\cctv\mot17_032.jpg,CCTV Surveillance,MOT17,51,51.45,LIMITED READINESS,[]
C:\Users\Shreya Dubey\OneDrive\Documents\Projects\visionguard\datasets\smart_city_benchmark\cctv\mot17_033.jpg,CCTV Surveillance,MOT17,51,51.39,LIMITED READINESS,[]
C:\Users\Shreya Dubey\OneDrive\Documents\Projects\visionguard\datasets\smart_city_benchmark\cctv\mot17_034.jpg,CCTV Surveillance,MOT17,18,17.74,CRITICAL / REJECT,[]
C:\Users\Shreya Dubey\OneDrive\Documents\Projects\visionguard\datasets\smart_city_benchmark\cctv\mot17_035.jpg,CCTV Surveillance,MOT17,42,21.98,NOT READY,"[{""type"":""insufficient_sharpness"",""severity"":""high"",""metric"":""laplacian_variance"",""value"":37.86,""threshold"":40.0,""impact"":""Reduced edge detail may lower detection reliability for small, distant, or fast-moving objects."",""confidence"":1.0,""description"":""Image sharpness is below the recommended range.""}]"
C:\Users\Shreya Dubey\OneDrive\Documents\Projects\visionguard\datasets\smart_city_benchmark\cctv\mot17_036.jpg,CCTV Surveillance,MOT17,68,68.11,READY,[]
C:\Users\Shreya Dubey\OneDrive\Documents\Projects\visionguard\datasets\smart_city_benchmark\cctv\mot17_037.jpg,CCTV Surveillance,MOT17,47,46.69,LIMITED READINESS,[]
C:\Users\Shreya Dubey\OneDrive\Documents\Projects\visionguard\datasets\smart_city_benchmark\cctv\mot17_038.jpg,CCTV Surveillance,MOT17,51,51.39,LIMITED READINESS,[]
C:\Users\Shreya Dubey\OneDrive\Documents\Projects\visionguard\datasets\smart_city_benchmark\cctv\mot17_039.jpg,CCTV Surveillance,MOT17,47,46.69,LIMITED READINESS,[]
C:\Users\Shreya Dubey\OneDrive\Documents\Projects\visionguard\datasets\smart_city_benchmark\cctv\mot17_040.jpg,CCTV Surveillance,MOT17,40,24.67,NOT READY,"[{""type"":""overexposure"",""severity"":""high"",""metric"":""bright_pixel_ratio"",""value"":17.49,""threshold"":10.0,""impact"":""Highlight clipping may reduce reliability of downstream visual analytics."",""confidence"":1.0,""description"":""Bright regions are losing visual information.""}]"
C:\Users\Shreya Dubey\OneDrive\Documents\Projects\visionguard\datasets\smart_city_benchmark\cctv\mot17_041.jpg,CCTV Surveillance,MOT17,51,51.39,LIMITED READINESS,[]
C:\Users\Shreya Dubey\OneDrive\Documents\Projects\visionguard\datasets\smart_city_benchmark\cctv\mot17_042.jpg,CCTV Surveillance,MOT17,51,51.39,LIMITED READINESS,[]
C:\Users\Shreya Dubey\OneDrive\Documents\Projects\visionguard\datasets\smart_city_benchmark\cctv\mot17_043.jpg,CCTV Surveillance,MOT17,59,59.05,LIMITED READINESS,[]
C:\Users\Shreya Dubey\OneDrive\Documents\Projects\visionguard\datasets\smart_city_benchmark\cctv\mot17_044.jpg,CCTV Surveillance,MOT17,58,58.23,LIMITED READINESS,[]
C:\Users\Shreya Dubey\OneDrive\Documents\Projects\visionguard\datasets\smart_city_benchmark\cctv\mot17_045.jpg,CCTV Surveillance,MOT17,58,58.23,LIMITED READINESS,[]
C:\Users\Shreya Dubey\OneDrive\Documents\Projects\visionguard\datasets\smart_city_benchmark\cctv\mot17_046.jpg,CCTV Surveillance,MOT17,18,17.74,CRITICAL / REJECT,[]
C:\Users\Shreya Dubey\OneDrive\Documents\Projects\visionguard\datasets\smart_city_benchmark\cctv\mot17_047.jpg,CCTV Surveillance,MOT17,68,68.11,READY,[]
C:\Users\Shreya Dubey\OneDrive\Documents\Projects\visionguard\datasets\smart_city_benchmark\cctv\mot17_048.jpg,CCTV Surveillance,MOT17,58,58.23,LIMITED READINESS,[]
C:\Users\Shreya Dubey\OneDrive\Documents\Projects\visionguard\datasets\smart_city_benchmark\cctv\mot17_049.jpg,CCTV Surveillance,MOT17,62,62.49,READY,[]
C:\Users\Shreya Dubey\OneDrive\Documents\Projects\visionguard\datasets\smart_city_benchmark\cctv\mot17_050.jpg,CCTV Surveillance,MOT17,68,68.11,READY,[]
C:\Users\Shreya Dubey\OneDrive\Documents\Projects\visionguard\datasets\smart_city_benchmark\cctv\mot17_051.jpg,CCTV Surveillance,MOT17,58,58.23,LIMITED READINESS,[]
C:\Users\Shreya Dubey\OneDrive\Documents\Projects\visionguard\datasets\smart_city_benchmark\cctv\mot17_052.jpg,CCTV Surveillance,MOT17,51,51.39,LIMITED READINESS,[]
C:\Users\Shreya Dubey\OneDrive\Documents\Projects\visionguard\datasets\smart_city_benchmark\cctv\mot17_053.jpg,CCTV Surveillance,MOT17,68,68.11,READY,[]
C:\Users\Shreya Dubey\OneDrive\Documents\Projects\visionguard\datasets\smart_city_benchmark\cctv\mot17_054.jpg,CCTV Surveillance,MOT17,47,46.69,LIMITED READINESS,[]
C:\Users\Shreya Dubey\OneDrive\Documents\Projects\visionguard\datasets\smart_city_benchmark\cctv\mot17_055.jpg,CCTV Surveillance,MOT17,58,58.23,LIMITED READINESS,[]
C:\Users\Shreya Dubey\OneDrive\Documents\Projects\visionguard\datasets\smart_city_benchmark\cctv\mot17_056.jpg,CCTV Surveillance,MOT17,18,17.74,CRITICAL / REJECT,[]
C:\Users\Shreya Dubey\OneDrive\Documents\Projects\visionguard\datasets\smart_city_benchmark\cctv\mot17_057.jpg,CCTV Surveillance,MOT17,58,57.6,LIMITED READINESS,[]
C:\Users\Shreya Dubey\OneDrive\Documents\Projects\visionguard\datasets\smart_city_benchmark\cctv\mot17_058.jpg,CCTV Surveillance,MOT17,32,32.31,NOT READY,[]
C:\Users\Shreya Dubey\OneDrive\Documents\Projects\visionguard\datasets\smart_city_benchmark\cctv\mot17_059.jpg,CCTV Surveillance,MOT17,68,68.11,READY,[]
C:\Users\Shreya Dubey\OneDrive\Documents\Projects\visionguard\datasets\smart_city_benchmark\cctv\mot17_060.jpg,CCTV Surveillance,MOT17,47,46.69,LIMITED READINESS,[]
C:\Users\Shreya Dubey\OneDrive\Documents\Projects\visionguard\datasets\smart_city_benchmark\cctv\mot17_061.jpg,CCTV Surveillance,MOT17,40,24.67,NOT READY,"[{""type"":""overexposure"",""severity"":""high"",""metric"":""bright_pixel_ratio"",""value"":19.88,""threshold"":10.0,""impact"":""Highlight clipping may reduce reliability of downstream visual analytics."",""confidence"":1.0,""description"":""Bright regions are losing visual information.""}]"
C:\Users\Shreya Dubey\OneDrive\Documents\Projects\visionguard\datasets\smart_city_benchmark\cctv\mot17_062.jpg,CCTV Surveillance,MOT17,51,51.39,LIMITED READINESS,[]
C:\Users\Shreya Dubey\OneDrive\Documents\Projects\visionguard\datasets\smart_city_benchmark\cctv\mot17_063.jpg,CCTV Surveillance,MOT17,57,57.43,LIMITED READINESS,[]
C:\Users\Shreya Dubey\OneDrive\Documents\Projects\visionguard\datasets\smart_city_benchmark\cctv\mot17_064.jpg,CCTV Surveillance,MOT17,62,62.5,READY,[]
C:\Users\Shreya Dubey\OneDrive\Documents\Projects\visionguard\datasets\smart_city_benchmark\cctv\mot17_065.jpg,CCTV Surveillance,MOT17,59,59.32,LIMITED READINESS,[]
C:\Users\Shreya Dubey\OneDrive\Documents\Projects\visionguard\datasets\smart_city_benchmark\cctv\mot17_066.jpg,CCTV Surveillance,MOT17,18,17.74,CRITICAL / REJECT,[]
C:\Users\Shreya Dubey\OneDrive\Documents\Projects\visionguard\datasets\smart_city_benchmark\cctv\mot17_067.jpg,CCTV Surveillance,MOT17,38,23.29,NOT READY,"[{""type"":""overexposure"",""severity"":""high"",""metric"":""bright_pixel_ratio"",""value"":20.09,""threshold"":10.0,""impact"":""Highlight clipping may reduce reliability of downstream visual analytics."",""confidence"":1.0,""description"":""Bright regions are losing visual information.""}]"
C:\Users\Shreya Dubey\OneDrive\Documents\Projects\visionguard\datasets\smart_city_benchmark\cctv\mot17_068.jpg,CCTV Surveillance,MOT17,68,68.11,READY,[]
C:\Users\Shreya Dubey\OneDrive\Documents\Projects\visionguard\datasets\smart_city_benchmark\cctv\mot17_069.jpg,CCTV Surveillance,MOT17,51,51.39,LIMITED READINESS,[]
C:\Users\Shreya Dubey\OneDrive\Documents\Projects\visionguard\datasets\smart_city_benchmark\cctv\mot17_070.jpg,CCTV Surveillance,MOT17,9,8.63,CRITICAL / REJECT,[]
C:\Users\Shreya Dubey\OneDrive\Documents\Projects\visionguard\datasets\smart_city_benchmark\cctv\mot17_071.jpg,CCTV Surveillance,MOT17,70,69.86,READY,[]
C:\Users\Shreya Dubey\OneDrive\Documents\Projects\visionguard\datasets\smart_city_benchmark\cctv\mot17_072.jpg,CCTV Surveillance,MOT17,24,24.44,NOT READY,[]
C:\Users\Shreya Dubey\OneDrive\Documents\Projects\visionguard\datasets\smart_city_benchmark\cctv\mot17_073.jpg,CCTV Surveillance,MOT17,38,23.29,NOT READY,"[{""type"":""overexposure"",""severity"":""high"",""metric"":""bright_pixel_ratio"",""value"":15.63,""threshold"":10.0,""impact"":""Highlight clipping may reduce reliability of downstream visual analytics."",""confidence"":1.0,""description"":""Bright regions are losing visual information.""}]"
C:\Users\Shreya Dubey\OneDrive\Documents\Projects\visionguard\datasets\smart_city_benchmark\cctv\mot17_074.jpg,CCTV Surveillance,MOT17,62,62.49,READY,[]
C:\Users\Shreya Dubey\OneDrive\Documents\Projects\visionguard\datasets\smart_city_benchmark\cctv\mot17_075.jpg,CCTV Surveillance,MOT17,68,68.11,READY,[]
C:\Users\Shreya Dubey\OneDrive\Documents\Projects\visionguard\datasets\smart_city_benchmark\cctv\mot17_076.jpg,CCTV Surveillance,MOT17,58,58.23,LIMITED READINESS,[]
C:\Users\Shreya Dubey\OneDrive\Documents\Projects\visionguard\datasets\smart_city_benchmark\cctv\mot17_077.jpg,CCTV Surveillance,MOT17,38,23.29,NOT READY,"[{""type"":""overexposure"",""severity"":""high"",""metric"":""bright_pixel_ratio"",""value"":16.24,""threshold"":10.0,""impact"":""Highlight clipping may reduce reliability of downstream visual analytics."",""confidence"":1.0,""description"":""Bright regions are losing visual information.""}]"
C:\Users\Shreya Dubey\OneDrive\Documents\Projects\visionguard\datasets\smart_city_benchmark\cctv\mot17_078.jpg,CCTV Surveillance,MOT17,68,68.11,READY,[]
C:\Users\Shreya Dubey\OneDrive\Documents\Projects\visionguard\datasets\smart_city_benchmark\cctv\mot17_079.jpg,CCTV Surveillance,MOT17,62,62.49,READY,[]
C:\Users\Shreya Dubey\OneDrive\Documents\Projects\visionguard\datasets\smart_city_benchmark\cctv\mot17_080.jpg,CCTV Surveillance,MOT17,18,17.74,CRITICAL / REJECT,[]
C:\Users\Shreya Dubey\OneDrive\Documents\Projects\visionguard\datasets\smart_city_benchmark\cctv\mot17_081.jpg,CCTV Surveillance,MOT17,40,24.67,NOT READY,"[{""type"":""overexposure"",""severity"":""high"",""metric"":""bright_pixel_ratio"",""value"":17.8,""threshold"":10.0,""impact"":""Highlight clipping may reduce reliability of downstream visual analytics."",""confidence"":1.0,""description"":""Bright regions are losing visual information.""}]"
C:\Users\Shreya Dubey\OneDrive\Documents\Projects\visionguard\datasets\smart_city_benchmark\cctv\mot17_082.jpg,CCTV Surveillance,MOT17,38,23.29,NOT READY,"[{""type"":""overexposure"",""severity"":""high"",""metric"":""bright_pixel_ratio"",""value"":18.67,""threshold"":10.0,""impact"":""Highlight clipping may reduce reliability of downstream visual analytics."",""confidence"":1.0,""description"":""Bright regions are losing visual information.""}]"
C:\Users\Shreya Dubey\OneDrive\Documents\Projects\visionguard\datasets\smart_city_benchmark\cctv\mot17_083.jpg,CCTV Surveillance,MOT17,51,51.39,LIMITED READINESS,[]
C:\Users\Shreya Dubey\OneDrive\Documents\Projects\visionguard\datasets\smart_city_benchmark\cctv\mot17_084.jpg,CCTV Surveillance,MOT17,47,46.69,LIMITED READINESS,[]
C:\Users\Shreya Dubey\OneDrive\Documents\Projects\visionguard\datasets\smart_city_benchmark\cctv\mot17_085.jpg,CCTV Surveillance,MOT17,68,68.11,READY,[]
C:\Users\Shreya Dubey\OneDrive\Documents\Projects\visionguard\datasets\smart_city_benchmark\cctv\mot17_086.jpg,CCTV Surveillance,MOT17,70,69.86,READY,[]
C:\Users\Shreya Dubey\OneDrive\Documents\Projects\visionguard\datasets\smart_city_benchmark\cctv\mot17_087.jpg,CCTV Surveillance,MOT17,42,41.98,LIMITED READINESS,[]
C:\Users\Shreya Dubey\OneDrive\Documents\Projects\visionguard\datasets\smart_city_benchmark\cctv\mot17_088.jpg,CCTV Surveillance,MOT17,18,17.74,CRITICAL / REJECT,[]
C:\Users\Shreya Dubey\OneDrive\Documents\Projects\visionguard\datasets\smart_city_benchmark\cctv\mot17_089.jpg,CCTV Surveillance,MOT17,70,69.86,READY,[]
C:\Users\Shreya Dubey\OneDrive\Documents\Projects\visionguard\datasets\smart_city_benchmark\cctv\mot17_090.jpg,CCTV Surveillance,MOT17,47,46.69,LIMITED READINESS,[]
C:\Users\Shreya Dubey\OneDrive\Documents\Projects\visionguard\datasets\smart_city_benchmark\cctv\mot17_091.jpg,CCTV Surveillance,MOT17,62,62.49,READY,[]
C:\Users\Shreya Dubey\OneDrive\Documents\Projects\visionguard\datasets\smart_city_benchmark\cctv\mot17_092.jpg,CCTV Surveillance,MOT17,68,68.11,READY,[]
C:\Users\Shreya Dubey\OneDrive\Documents\Projects\visionguard\datasets\smart_city_benchmark\cctv\mot17_093.jpg,CCTV Surveillance,MOT17,24,24.44,NOT READY,[]
C:\Users\Shreya Dubey\OneDrive\Documents\Projects\visionguard\datasets\smart_city_benchmark\cctv\mot17_094.jpg,CCTV Surveillance,MOT17,38,23.29,NOT READY,"[{""type"":""overexposure"",""severity"":""high"",""metric"":""bright_pixel_ratio"",""value"":16.72,""threshold"":10.0,""impact"":""Highlight clipping may reduce reliability of downstream visual analytics."",""confidence"":1.0,""description"":""Bright regions are losing visual information.""}]"
C:\Users\Shreya Dubey\OneDrive\Documents\Projects\visionguard\datasets\smart_city_benchmark\cctv\mot17_095.jpg,CCTV Surveillance,MOT17,51,51.39,LIMITED READINESS,[]
C:\Users\Shreya Dubey\OneDrive\Documents\Projects\visionguard\datasets\smart_city_benchmark\cctv\mot17_096.jpg,CCTV Surveillance,MOT17,34,19.41,CRITICAL / REJECT,"[{""type"":""overexposure"",""severity"":""high"",""metric"":""bright_pixel_ratio"",""value"":18.11,""threshold"":10.0,""impact"":""Highlight clipping may reduce reliability of downstream visual analytics."",""confidence"":1.0,""description"":""Bright regions are losing visual information.""}]"
C:\Users\Shreya Dubey\OneDrive\Documents\Projects\visionguard\datasets\smart_city_benchmark\cctv\mot17_097.jpg,CCTV Surveillance,MOT17,51,51.39,LIMITED READINESS,[]
C:\Users\Shreya Dubey\OneDrive\Documents\Projects\visionguard\datasets\smart_city_benchmark\cctv\mot17_098.jpg,CCTV Surveillance,MOT17,24,24.44,NOT READY,[]
C:\Users\Shreya Dubey\OneDrive\Documents\Projects\visionguard\datasets\smart_city_benchmark\cctv\mot17_099.jpg,CCTV Surveillance,MOT17,58,58.23,LIMITED READINESS,[]
C:\Users\Shreya Dubey\OneDrive\Documents\Projects\visionguard\datasets\smart_city_benchmark\cctv\mot17_100.jpg,CCTV Surveillance,MOT17,38,23.29,NOT READY,"[{""type"":""overexposure"",""severity"":""high"",""metric"":""bright_pixel_ratio"",""value"":20.1,""threshold"":10.0,""impact"":""Highlight clipping may reduce reliability of downstream visual analytics."",""confidence"":1.0,""description"":""Bright regions are losing visual information.""}]"
C:\Users\Shreya Dubey\OneDrive\Documents\Projects\visionguard\datasets\smart_city_benchmark\drone\visdrone_001.jpg,Drone Imagery,VisDrone,38,23.29,NOT READY,"[{""type"":""overexposure"",""severity"":""high"",""metric"":""bright_pixel_ratio"",""value"":20.1,""threshold"":10.0,""impact"":""Highlight clipping may reduce reliability of downstream visual analytics."",""confidence"":1.0,""description"":""Bright regions are losing visual information.""}]"
C:\Users\Shreya Dubey\OneDrive\Documents\Projects\visionguard\datasets\smart_city_benchmark\drone\visdrone_002.jpg,Drone Imagery,VisDrone,38,23.29,NOT READY,"[{""type"":""overexposure"",""severity"":""high"",""metric"":""bright_pixel_ratio"",""value"":20.1,""threshold"":10.0,""impact"":""Highlight clipping may reduce reliability of downstream visual analytics."",""confidence"":1.0,""description"":""Bright regions are losing visual information.""}]"
C:\Users\Shreya Dubey\OneDrive\Documents\Projects\visionguard\datasets\smart_city_benchmark\drone\visdrone_003.jpg,Drone Imagery,VisDrone,38,23.29,NOT READY,"[{""type"":""overexposure"",""severity"":""high"",""metric"":""bright_pixel_ratio"",""value"":20.1,""threshold"":10.0,""impact"":""Highlight clipping may reduce reliability of downstream visual analytics."",""confidence"":1.0,""description"":""Bright regions are losing visual information.""}]"
C:\Users\Shreya Dubey\OneDrive\Documents\Projects\visionguard\datasets\smart_city_benchmark\drone\visdrone_004.jpg,Drone Imagery,VisDrone,38,23.29,NOT READY,"[{""type"":""overexposure"",""severity"":""high"",""metric"":""bright_pixel_ratio"",""value"":20.1,""threshold"":10.0,""impact"":""Highlight clipping may reduce reliability of downstream visual analytics."",""confidence"":1.0,""description"":""Bright regions are losing visual information.""}]"
C:\Users\Shreya Dubey\OneDrive\Documents\Projects\visionguard\datasets\smart_city_benchmark\drone\visdrone_005.jpg,Drone Imagery,VisDrone,38,23.29,NOT READY,"[{""type"":""overexposure"",""severity"":""high"",""metric"":""bright_pixel_ratio"",""value"":20.1,""threshold"":10.0,""impact"":""Highlight clipping may reduce reliability of downstream visual analytics."",""confidence"":1.0,""description"":""Bright regions are losing visual information.""}]"
C:\Users\Shreya Dubey\OneDrive\Documents\Projects\visionguard\datasets\smart_city_benchmark\drone\visdrone_006.jpg,Drone Imagery,VisDrone,38,23.29,NOT READY,"[{""type"":""overexposure"",""severity"":""high"",""metric"":""bright_pixel_ratio"",""value"":20.1,""threshold"":10.0,""impact"":""Highlight clipping may reduce reliability of downstream visual analytics."",""confidence"":1.0,""description"":""Bright regions are losing visual information.""}]"
C:\Users\Shreya Dubey\OneDrive\Documents\Projects\visionguard\datasets\smart_city_benchmark\drone\visdrone_007.jpg,Drone Imagery,VisDrone,38,23.29,NOT READY,"[{""type"":""overexposure"",""severity"":""high"",""metric"":""bright_pixel_ratio"",""value"":20.1,""threshold"":10.0,""impact"":""Highlight clipping may reduce reliability of downstream visual analytics."",""confidence"":1.0,""description"":""Bright regions are losing visual information.""}]"
C:\Users\Shreya Dubey\OneDrive\Documents\Projects\visionguard\datasets\smart_city_benchmark\drone\visdrone_008.jpg,Drone Imagery,VisDrone,38,23.29,NOT READY,"[{""type"":""overexposure"",""severity"":""high"",""metric"":""bright_pixel_ratio"",""value"":20.1,""threshold"":10.0,""impact"":""Highlight clipping may reduce reliability of downstream visual analytics."",""confidence"":1.0,""description"":""Bright regions are losing visual information.""}]"
C:\Users\Shreya Dubey\OneDrive\Documents\Projects\visionguard\datasets\smart_city_benchmark\drone\visdrone_009.jpg,Drone Imagery,VisDrone,38,23.29,NOT READY,"[{""type"":""overexposure"",""severity"":""high"",""metric"":""bright_pixel_ratio"",""value"":20.1,""threshold"":10.0,""impact"":""Highlight clipping may reduce reliability of downstream visual analytics."",""confidence"":1.0,""description"":""Bright regions are losing visual information.""}]"
C:\Users\Shreya Dubey\OneDrive\Documents\Projects\visionguard\datasets\smart_city_benchmark\drone\visdrone_010.jpg,Drone Imagery,VisDrone,38,23.29,NOT READY,"[{""type"":""overexposure"",""severity"":""high"",""metric"":""bright_pixel_ratio"",""value"":20.1,""threshold"":10.0,""impact"":""Highlight clipping may reduce reliability of downstream visual analytics."",""confidence"":1.0,""description"":""Bright regions are losing visual information.""}]"
C:\Users\Shreya Dubey\OneDrive\Documents\Projects\visionguard\datasets\smart_city_benchmark\drone\visdrone_011.jpg,Drone Imagery,VisDrone,38,23.29,NOT READY,"[{""type"":""overexposure"",""severity"":""high"",""metric"":""bright_pixel_ratio"",""value"":20.1,""threshold"":10.0,""impact"":""Highlight clipping may reduce reliability of downstream visual analytics."",""confidence"":1.0,""description"":""Bright regions are losing visual information.""}]"
C:\Users\Shreya Dubey\OneDrive\Documents\Projects\visionguard\datasets\smart_city_benchmark\drone\visdrone_012.jpg,Drone Imagery,VisDrone,38,23.29,NOT READY,"[{""type"":""overexposure"",""severity"":""high"",""metric"":""bright_pixel_ratio"",""value"":20.1,""threshold"":10.0,""impact"":""Highlight clipping may reduce reliability of downstream visual analytics."",""confidence"":1.0,""description"":""Bright regions are losing visual information.""}]"
C:\Users\Shreya Dubey\OneDrive\Documents\Projects\visionguard\datasets\smart_city_benchmark\drone\visdrone_013.jpg,Drone Imagery,VisDrone,38,23.29,NOT READY,"[{""type"":""overexposure"",""severity"":""high"",""metric"":""bright_pixel_ratio"",""value"":20.1,""threshold"":10.0,""impact"":""Highlight clipping may reduce reliability of downstream visual analytics."",""confidence"":1.0,""description"":""Bright regions are losing visual information.""}]"
C:\Users\Shreya Dubey\OneDrive\Documents\Projects\visionguard\datasets\smart_city_benchmark\drone\visdrone_014.jpg,Drone Imagery,VisDrone,38,23.29,NOT READY,"[{""type"":""overexposure"",""severity"":""high"",""metric"":""bright_pixel_ratio"",""value"":20.1,""threshold"":10.0,""impact"":""Highlight clipping may reduce reliability of downstream visual analytics."",""confidence"":1.0,""description"":""Bright regions are losing visual information.""}]"
C:\Users\Shreya Dubey\OneDrive\Documents\Projects\visionguard\datasets\smart_city_benchmark\drone\visdrone_015.jpg,Drone Imagery,VisDrone,38,23.29,NOT READY,"[{""type"":""overexposure"",""severity"":""high"",""metric"":""bright_pixel_ratio"",""value"":20.1,""threshold"":10.0,""impact"":""Highlight clipping may reduce reliability of downstream visual analytics."",""confidence"":1.0,""description"":""Bright regions are losing visual information.""}]"
C:\Users\Shreya Dubey\OneDrive\Documents\Projects\visionguard\datasets\smart_city_benchmark\drone\visdrone_016.jpg,Drone Imagery,VisDrone,38,23.29,NOT READY,"[{""type"":""overexposure"",""severity"":""high"",""metric"":""bright_pixel_ratio"",""value"":20.1,""threshold"":10.0,""impact"":""Highlight clipping may reduce reliability of downstream visual analytics."",""confidence"":1.0,""description"":""Bright regions are losing visual information.""}]"
C:\Users\Shreya Dubey\OneDrive\Documents\Projects\visionguard\datasets\smart_city_benchmark\drone\visdrone_017.jpg,Drone Imagery,VisDrone,38,23.29,NOT READY,"[{""type"":""overexposure"",""severity"":""high"",""metric"":""bright_pixel_ratio"",""value"":20.1,""threshold"":10.0,""impact"":""Highlight clipping may reduce reliability of downstream visual analytics."",""confidence"":1.0,""description"":""Bright regions are losing visual information.""}]"
C:\Users\Shreya Dubey\OneDrive\Documents\Projects\visionguard\datasets\smart_city_benchmark\drone\visdrone_018.jpg,Drone Imagery,VisDrone,38,23.29,NOT READY,"[{""type"":""overexposure"",""severity"":""high"",""metric"":""bright_pixel_ratio"",""value"":20.1,""threshold"":10.0,""impact"":""Highlight clipping may reduce reliability of downstream visual analytics."",""confidence"":1.0,""description"":""Bright regions are losing visual information.""}]"
C:\Users\Shreya Dubey\OneDrive\Documents\Projects\visionguard\datasets\smart_city_benchmark\drone\visdrone_019.jpg,Drone Imagery,VisDrone,38,23.29,NOT READY,"[{""type"":""overexposure"",""severity"":""high"",""metric"":""bright_pixel_ratio"",""value"":20.1,""threshold"":10.0,""impact"":""Highlight clipping may reduce reliability of downstream visual analytics."",""confidence"":1.0,""description"":""Bright regions are losing visual information.""}]"
C:\Users\Shreya Dubey\OneDrive\Documents\Projects\visionguard\datasets\smart_city_benchmark\drone\visdrone_020.jpg,Drone Imagery,VisDrone,38,23.29,NOT READY,"[{""type"":""overexposure"",""severity"":""high"",""metric"":""bright_pixel_ratio"",""value"":20.1,""threshold"":10.0,""impact"":""Highlight clipping may reduce reliability of downstream visual analytics."",""confidence"":1.0,""description"":""Bright regions are losing visual information.""}]"
C:\Users\Shreya Dubey\OneDrive\Documents\Projects\visionguard\datasets\smart_city_benchmark\drone\visdrone_021.jpg,Drone Imagery,VisDrone,38,23.29,NOT READY,"[{""type"":""overexposure"",""severity"":""high"",""metric"":""bright_pixel_ratio"",""value"":20.1,""threshold"":10.0,""impact"":""Highlight clipping may reduce reliability of downstream visual analytics."",""confidence"":1.0,""description"":""Bright regions are losing visual information.""}]"
C:\Users\Shreya Dubey\OneDrive\Documents\Projects\visionguard\datasets\smart_city_benchmark\drone\visdrone_022.jpg,Drone Imagery,VisDrone,38,23.29,NOT READY,"[{""type"":""overexposure"",""severity"":""high"",""metric"":""bright_pixel_ratio"",""value"":20.1,""threshold"":10.0,""impact"":""Highlight clipping may reduce reliability of downstream visual analytics."",""confidence"":1.0,""description"":""Bright regions are losing visual information.""}]"
C:\Users\Shreya Dubey\OneDrive\Documents\Projects\visionguard\datasets\smart_city_benchmark\drone\visdrone_023.jpg,Drone Imagery,VisDrone,38,23.29,NOT READY,"[{""type"":""overexposure"",""severity"":""high"",""metric"":""bright_pixel_ratio"",""value"":20.1,""threshold"":10.0,""impact"":""Highlight clipping may reduce reliability of downstream visual analytics."",""confidence"":1.0,""description"":""Bright regions are losing visual information.""}]"
C:\Users\Shreya Dubey\OneDrive\Documents\Projects\visionguard\datasets\smart_city_benchmark\drone\visdrone_024.jpg,Drone Imagery,VisDrone,38,23.29,NOT READY,"[{""type"":""overexposure"",""severity"":""high"",""metric"":""bright_pixel_ratio"",""value"":20.1,""threshold"":10.0,""impact"":""Highlight clipping may reduce reliability of downstream visual analytics."",""confidence"":1.0,""description"":""Bright regions are losing visual information.""}]"
C:\Users\Shreya Dubey\OneDrive\Documents\Projects\visionguard\datasets\smart_city_benchmark\drone\visdrone_025.jpg,Drone Imagery,VisDrone,38,23.29,NOT READY,"[{""type"":""overexposure"",""severity"":""high"",""metric"":""bright_pixel_ratio"",""value"":20.1,""threshold"":10.0,""impact"":""Highlight clipping may reduce reliability of downstream visual analytics."",""confidence"":1.0,""description"":""Bright regions are losing visual information.""}]"
C:\Users\Shreya Dubey\OneDrive\Documents\Projects\visionguard\datasets\smart_city_benchmark\drone\visdrone_026.jpg,Drone Imagery,VisDrone,38,23.29,NOT READY,"[{""type"":""overexposure"",""severity"":""high"",""metric"":""bright_pixel_ratio"",""value"":20.1,""threshold"":10.0,""impact"":""Highlight clipping may reduce reliability of downstream visual analytics."",""confidence"":1.0,""description"":""Bright regions are losing visual information.""}]"
C:\Users\Shreya Dubey\OneDrive\Documents\Projects\visionguard\datasets\smart_city_benchmark\drone\visdrone_027.jpg,Drone Imagery,VisDrone,38,23.29,NOT READY,"[{""type"":""overexposure"",""severity"":""high"",""metric"":""bright_pixel_ratio"",""value"":20.1,""threshold"":10.0,""impact"":""Highlight clipping may reduce reliability of downstream visual analytics."",""confidence"":1.0,""description"":""Bright regions are losing visual information.""}]"
C:\Users\Shreya Dubey\OneDrive\Documents\Projects\visionguard\datasets\smart_city_benchmark\drone\visdrone_028.jpg,Drone Imagery,VisDrone,38,23.29,NOT READY,"[{""type"":""overexposure"",""severity"":""high"",""metric"":""bright_pixel_ratio"",""value"":20.1,""threshold"":10.0,""impact"":""Highlight clipping may reduce reliability of downstream visual analytics."",""confidence"":1.0,""description"":""Bright regions are losing visual information.""}]"
C:\Users\Shreya Dubey\OneDrive\Documents\Projects\visionguard\datasets\smart_city_benchmark\drone\visdrone_029.jpg,Drone Imagery,VisDrone,38,23.29,NOT READY,"[{""type"":""overexposure"",""severity"":""high"",""metric"":""bright_pixel_ratio"",""value"":20.1,""threshold"":10.0,""impact"":""Highlight clipping may reduce reliability of downstream visual analytics."",""confidence"":1.0,""description"":""Bright regions are losing visual information.""}]"
C:\Users\Shreya Dubey\OneDrive\Documents\Projects\visionguard\datasets\smart_city_benchmark\drone\visdrone_030.jpg,Drone Imagery,VisDrone,38,23.29,NOT READY,"[{""type"":""overexposure"",""severity"":""high"",""metric"":""bright_pixel_ratio"",""value"":20.1,""threshold"":10.0,""impact"":""Highlight clipping may reduce reliability of downstream visual analytics."",""confidence"":1.0,""description"":""Bright regions are losing visual information.""}]"
C:\Users\Shreya Dubey\OneDrive\Documents\Projects\visionguard\datasets\smart_city_benchmark\drone\visdrone_031.jpg,Drone Imagery,VisDrone,38,23.29,NOT READY,"[{""type"":""overexposure"",""severity"":""high"",""metric"":""bright_pixel_ratio"",""value"":20.1,""threshold"":10.0,""impact"":""Highlight clipping may reduce reliability of downstream visual analytics."",""confidence"":1.0,""description"":""Bright regions are losing visual information.""}]"
C:\Users\Shreya Dubey\OneDrive\Documents\Projects\visionguard\datasets\smart_city_benchmark\drone\visdrone_032.jpg,Drone Imagery,VisDrone,38,23.29,NOT READY,"[{""type"":""overexposure"",""severity"":""high"",""metric"":""bright_pixel_ratio"",""value"":20.1,""threshold"":10.0,""impact"":""Highlight clipping may reduce reliability of downstream visual analytics."",""confidence"":1.0,""description"":""Bright regions are losing visual information.""}]"
C:\Users\Shreya Dubey\OneDrive\Documents\Projects\visionguard\datasets\smart_city_benchmark\drone\visdrone_033.jpg,Drone Imagery,VisDrone,38,23.29,NOT READY,"[{""type"":""overexposure"",""severity"":""high"",""metric"":""bright_pixel_ratio"",""value"":20.1,""threshold"":10.0,""impact"":""Highlight clipping may reduce reliability of downstream visual analytics."",""confidence"":1.0,""description"":""Bright regions are losing visual information.""}]"
C:\Users\Shreya Dubey\OneDrive\Documents\Projects\visionguard\datasets\smart_city_benchmark\drone\visdrone_034.jpg,Drone Imagery,VisDrone,38,23.29,NOT READY,"[{""type"":""overexposure"",""severity"":""high"",""metric"":""bright_pixel_ratio"",""value"":20.1,""threshold"":10.0,""impact"":""Highlight clipping may reduce reliability of downstream visual analytics."",""confidence"":1.0,""description"":""Bright regions are losing visual information.""}]"
C:\Users\Shreya Dubey\OneDrive\Documents\Projects\visionguard\datasets\smart_city_benchmark\drone\visdrone_035.jpg,Drone Imagery,VisDrone,38,23.29,NOT READY,"[{""type"":""overexposure"",""severity"":""high"",""metric"":""bright_pixel_ratio"",""value"":20.1,""threshold"":10.0,""impact"":""Highlight clipping may reduce reliability of downstream visual analytics."",""confidence"":1.0,""description"":""Bright regions are losing visual information.""}]"
C:\Users\Shreya Dubey\OneDrive\Documents\Projects\visionguard\datasets\smart_city_benchmark\drone\visdrone_036.jpg,Drone Imagery,VisDrone,38,23.29,NOT READY,"[{""type"":""overexposure"",""severity"":""high"",""metric"":""bright_pixel_ratio"",""value"":20.1,""threshold"":10.0,""impact"":""Highlight clipping may reduce reliability of downstream visual analytics."",""confidence"":1.0,""description"":""Bright regions are losing visual information.""}]"
C:\Users\Shreya Dubey\OneDrive\Documents\Projects\visionguard\datasets\smart_city_benchmark\drone\visdrone_037.jpg,Drone Imagery,VisDrone,38,23.29,NOT READY,"[{""type"":""overexposure"",""severity"":""high"",""metric"":""bright_pixel_ratio"",""value"":20.1,""threshold"":10.0,""impact"":""Highlight clipping may reduce reliability of downstream visual analytics."",""confidence"":1.0,""description"":""Bright regions are losing visual information.""}]"
C:\Users\Shreya Dubey\OneDrive\Documents\Projects\visionguard\datasets\smart_city_benchmark\drone\visdrone_038.jpg,Drone Imagery,VisDrone,38,23.29,NOT READY,"[{""type"":""overexposure"",""severity"":""high"",""metric"":""bright_pixel_ratio"",""value"":20.1,""threshold"":10.0,""impact"":""Highlight clipping may reduce reliability of downstream visual analytics."",""confidence"":1.0,""description"":""Bright regions are losing visual information.""}]"
C:\Users\Shreya Dubey\OneDrive\Documents\Projects\visionguard\datasets\smart_city_benchmark\drone\visdrone_039.jpg,Drone Imagery,VisDrone,38,23.29,NOT READY,"[{""type"":""overexposure"",""severity"":""high"",""metric"":""bright_pixel_ratio"",""value"":20.1,""threshold"":10.0,""impact"":""Highlight clipping may reduce reliability of downstream visual analytics."",""confidence"":1.0,""description"":""Bright regions are losing visual information.""}]"
C:\Users\Shreya Dubey\OneDrive\Documents\Projects\visionguard\datasets\smart_city_benchmark\drone\visdrone_040.jpg,Drone Imagery,VisDrone,38,23.29,NOT READY,"[{""type"":""overexposure"",""severity"":""high"",""metric"":""bright_pixel_ratio"",""value"":20.1,""threshold"":10.0,""impact"":""Highlight clipping may reduce reliability of downstream visual analytics."",""confidence"":1.0,""description"":""Bright regions are losing visual information.""}]"
C:\Users\Shreya Dubey\OneDrive\Documents\Projects\visionguard\datasets\smart_city_benchmark\drone\visdrone_041.jpg,Drone Imagery,VisDrone,38,23.29,NOT READY,"[{""type"":""overexposure"",""severity"":""high"",""metric"":""bright_pixel_ratio"",""value"":20.1,""threshold"":10.0,""impact"":""Highlight clipping may reduce reliability of downstream visual analytics."",""confidence"":1.0,""description"":""Bright regions are losing visual information.""}]"
C:\Users\Shreya Dubey\OneDrive\Documents\Projects\visionguard\datasets\smart_city_benchmark\drone\visdrone_042.jpg,Drone Imagery,VisDrone,38,23.29,NOT READY,"[{""type"":""overexposure"",""severity"":""high"",""metric"":""bright_pixel_ratio"",""value"":20.1,""threshold"":10.0,""impact"":""Highlight clipping may reduce reliability of downstream visual analytics."",""confidence"":1.0,""description"":""Bright regions are losing visual information.""}]"
C:\Users\Shreya Dubey\OneDrive\Documents\Projects\visionguard\datasets\smart_city_benchmark\drone\visdrone_043.jpg,Drone Imagery,VisDrone,38,23.29,NOT READY,"[{""type"":""overexposure"",""severity"":""high"",""metric"":""bright_pixel_ratio"",""value"":20.1,""threshold"":10.0,""impact"":""Highlight clipping may reduce reliability of downstream visual analytics."",""confidence"":1.0,""description"":""Bright regions are losing visual information.""}]"
C:\Users\Shreya Dubey\OneDrive\Documents\Projects\visionguard\datasets\smart_city_benchmark\drone\visdrone_044.jpg,Drone Imagery,VisDrone,38,23.29,NOT READY,"[{""type"":""overexposure"",""severity"":""high"",""metric"":""bright_pixel_ratio"",""value"":20.1,""threshold"":10.0,""impact"":""Highlight clipping may reduce reliability of downstream visual analytics."",""confidence"":1.0,""description"":""Bright regions are losing visual information.""}]"
C:\Users\Shreya Dubey\OneDrive\Documents\Projects\visionguard\datasets\smart_city_benchmark\drone\visdrone_045.jpg,Drone Imagery,VisDrone,38,23.29,NOT READY,"[{""type"":""overexposure"",""severity"":""high"",""metric"":""bright_pixel_ratio"",""value"":20.1,""threshold"":10.0,""impact"":""Highlight clipping may reduce reliability of downstream visual analytics."",""confidence"":1.0,""description"":""Bright regions are losing visual information.""}]"
C:\Users\Shreya Dubey\OneDrive\Documents\Projects\visionguard\datasets\smart_city_benchmark\drone\visdrone_046.jpg,Drone Imagery,VisDrone,38,23.29,NOT READY,"[{""type"":""overexposure"",""severity"":""high"",""metric"":""bright_pixel_ratio"",""value"":20.1,""threshold"":10.0,""impact"":""Highlight clipping may reduce reliability of downstream visual analytics."",""confidence"":1.0,""description"":""Bright regions are losing visual information.""}]"
C:\Users\Shreya Dubey\OneDrive\Documents\Projects\visionguard\datasets\smart_city_benchmark\drone\visdrone_047.jpg,Drone Imagery,VisDrone,38,23.29,NOT READY,"[{""type"":""overexposure"",""severity"":""high"",""metric"":""bright_pixel_ratio"",""value"":20.1,""threshold"":10.0,""impact"":""Highlight clipping may reduce reliability of downstream visual analytics."",""confidence"":1.0,""description"":""Bright regions are losing visual information.""}]"
C:\Users\Shreya Dubey\OneDrive\Documents\Projects\visionguard\datasets\smart_city_benchmark\drone\visdrone_048.jpg,Drone Imagery,VisDrone,38,23.29,NOT READY,"[{""type"":""overexposure"",""severity"":""high"",""metric"":""bright_pixel_ratio"",""value"":20.1,""threshold"":10.0,""impact"":""Highlight clipping may reduce reliability of downstream visual analytics."",""confidence"":1.0,""description"":""Bright regions are losing visual information.""}]"
C:\Users\Shreya Dubey\OneDrive\Documents\Projects\visionguard\datasets\smart_city_benchmark\drone\visdrone_049.jpg,Drone Imagery,VisDrone,38,23.29,NOT READY,"[{""type"":""overexposure"",""severity"":""high"",""metric"":""bright_pixel_ratio"",""value"":20.1,""threshold"":10.0,""impact"":""Highlight clipping may reduce reliability of downstream visual analytics."",""confidence"":1.0,""description"":""Bright regions are losing visual information.""}]"
C:\Users\Shreya Dubey\OneDrive\Documents\Projects\visionguard\datasets\smart_city_benchmark\drone\visdrone_050.jpg,Drone Imagery,VisDrone,38,23.29,NOT READY,"[{""type"":""overexposure"",""severity"":""high"",""metric"":""bright_pixel_ratio"",""value"":20.1,""threshold"":10.0,""impact"":""Highlight clipping may reduce reliability of downstream visual analytics."",""confidence"":1.0,""description"":""Bright regions are losing visual information.""}]"
C:\Users\Shreya Dubey\OneDrive\Documents\Projects\visionguard\datasets\smart_city_benchmark\drone\visdrone_051.jpg,Drone Imagery,VisDrone,38,23.29,NOT READY,"[{""type"":""overexposure"",""severity"":""high"",""metric"":""bright_pixel_ratio"",""value"":20.1,""threshold"":10.0,""impact"":""Highlight clipping may reduce reliability of downstream visual analytics."",""confidence"":1.0,""description"":""Bright regions are losing visual information.""}]"
C:\Users\Shreya Dubey\OneDrive\Documents\Projects\visionguard\datasets\smart_city_benchmark\drone\visdrone_052.jpg,Drone Imagery,VisDrone,38,23.29,NOT READY,"[{""type"":""overexposure"",""severity"":""high"",""metric"":""bright_pixel_ratio"",""value"":20.1,""threshold"":10.0,""impact"":""Highlight clipping may reduce reliability of downstream visual analytics."",""confidence"":1.0,""description"":""Bright regions are losing visual information.""}]"
C:\Users\Shreya Dubey\OneDrive\Documents\Projects\visionguard\datasets\smart_city_benchmark\drone\visdrone_053.jpg,Drone Imagery,VisDrone,38,23.29,NOT READY,"[{""type"":""overexposure"",""severity"":""high"",""metric"":""bright_pixel_ratio"",""value"":20.1,""threshold"":10.0,""impact"":""Highlight clipping may reduce reliability of downstream visual analytics."",""confidence"":1.0,""description"":""Bright regions are losing visual information.""}]"
C:\Users\Shreya Dubey\OneDrive\Documents\Projects\visionguard\datasets\smart_city_benchmark\drone\visdrone_054.jpg,Drone Imagery,VisDrone,38,23.29,NOT READY,"[{""type"":""overexposure"",""severity"":""high"",""metric"":""bright_pixel_ratio"",""value"":20.1,""threshold"":10.0,""impact"":""Highlight clipping may reduce reliability of downstream visual analytics."",""confidence"":1.0,""description"":""Bright regions are losing visual information.""}]"
C:\Users\Shreya Dubey\OneDrive\Documents\Projects\visionguard\datasets\smart_city_benchmark\drone\visdrone_055.jpg,Drone Imagery,VisDrone,38,23.29,NOT READY,"[{""type"":""overexposure"",""severity"":""high"",""metric"":""bright_pixel_ratio"",""value"":20.1,""threshold"":10.0,""impact"":""Highlight clipping may reduce reliability of downstream visual analytics."",""confidence"":1.0,""description"":""Bright regions are losing visual information.""}]"
C:\Users\Shreya Dubey\OneDrive\Documents\Projects\visionguard\datasets\smart_city_benchmark\drone\visdrone_056.jpg,Drone Imagery,VisDrone,38,23.29,NOT READY,"[{""type"":""overexposure"",""severity"":""high"",""metric"":""bright_pixel_ratio"",""value"":20.1,""threshold"":10.0,""impact"":""Highlight clipping may reduce reliability of downstream visual analytics."",""confidence"":1.0,""description"":""Bright regions are losing visual information.""}]"
C:\Users\Shreya Dubey\OneDrive\Documents\Projects\visionguard\datasets\smart_city_benchmark\drone\visdrone_057.jpg,Drone Imagery,VisDrone,38,23.29,NOT READY,"[{""type"":""overexposure"",""severity"":""high"",""metric"":""bright_pixel_ratio"",""value"":20.1,""threshold"":10.0,""impact"":""Highlight clipping may reduce reliability of downstream visual analytics."",""confidence"":1.0,""description"":""Bright regions are losing visual information.""}]"
C:\Users\Shreya Dubey\OneDrive\Documents\Projects\visionguard\datasets\smart_city_benchmark\drone\visdrone_058.jpg,Drone Imagery,VisDrone,38,23.29,NOT READY,"[{""type"":""overexposure"",""severity"":""high"",""metric"":""bright_pixel_ratio"",""value"":20.1,""threshold"":10.0,""impact"":""Highlight clipping may reduce reliability of downstream visual analytics."",""confidence"":1.0,""description"":""Bright regions are losing visual information.""}]"
C:\Users\Shreya Dubey\OneDrive\Documents\Projects\visionguard\datasets\smart_city_benchmark\drone\visdrone_059.jpg,Drone Imagery,VisDrone,38,23.29,NOT READY,"[{""type"":""overexposure"",""severity"":""high"",""metric"":""bright_pixel_ratio"",""value"":20.1,""threshold"":10.0,""impact"":""Highlight clipping may reduce reliability of downstream visual analytics."",""confidence"":1.0,""description"":""Bright regions are losing visual information.""}]"
C:\Users\Shreya Dubey\OneDrive\Documents\Projects\visionguard\datasets\smart_city_benchmark\drone\visdrone_060.jpg,Drone Imagery,VisDrone,38,23.29,NOT READY,"[{""type"":""overexposure"",""severity"":""high"",""metric"":""bright_pixel_ratio"",""value"":20.1,""threshold"":10.0,""impact"":""Highlight clipping may reduce reliability of downstream visual analytics."",""confidence"":1.0,""description"":""Bright regions are losing visual information.""}]"
C:\Users\Shreya Dubey\OneDrive\Documents\Projects\visionguard\datasets\smart_city_benchmark\drone\visdrone_061.jpg,Drone Imagery,VisDrone,38,23.29,NOT READY,"[{""type"":""overexposure"",""severity"":""high"",""metric"":""bright_pixel_ratio"",""value"":20.1,""threshold"":10.0,""impact"":""Highlight clipping may reduce reliability of downstream visual analytics."",""confidence"":1.0,""description"":""Bright regions are losing visual information.""}]"
C:\Users\Shreya Dubey\OneDrive\Documents\Projects\visionguard\datasets\smart_city_benchmark\drone\visdrone_062.jpg,Drone Imagery,VisDrone,38,23.29,NOT READY,"[{""type"":""overexposure"",""severity"":""high"",""metric"":""bright_pixel_ratio"",""value"":20.1,""threshold"":10.0,""impact"":""Highlight clipping may reduce reliability of downstream visual analytics."",""confidence"":1.0,""description"":""Bright regions are losing visual information.""}]"
C:\Users\Shreya Dubey\OneDrive\Documents\Projects\visionguard\datasets\smart_city_benchmark\drone\visdrone_063.jpg,Drone Imagery,VisDrone,38,23.29,NOT READY,"[{""type"":""overexposure"",""severity"":""high"",""metric"":""bright_pixel_ratio"",""value"":20.1,""threshold"":10.0,""impact"":""Highlight clipping may reduce reliability of downstream visual analytics."",""confidence"":1.0,""description"":""Bright regions are losing visual information.""}]"
C:\Users\Shreya Dubey\OneDrive\Documents\Projects\visionguard\datasets\smart_city_benchmark\drone\visdrone_064.jpg,Drone Imagery,VisDrone,38,23.29,NOT READY,"[{""type"":""overexposure"",""severity"":""high"",""metric"":""bright_pixel_ratio"",""value"":20.1,""threshold"":10.0,""impact"":""Highlight clipping may reduce reliability of downstream visual analytics."",""confidence"":1.0,""description"":""Bright regions are losing visual information.""}]"
C:\Users\Shreya Dubey\OneDrive\Documents\Projects\visionguard\datasets\smart_city_benchmark\drone\visdrone_065.jpg,Drone Imagery,VisDrone,38,23.29,NOT READY,"[{""type"":""overexposure"",""severity"":""high"",""metric"":""bright_pixel_ratio"",""value"":20.1,""threshold"":10.0,""impact"":""Highlight clipping may reduce reliability of downstream visual analytics."",""confidence"":1.0,""description"":""Bright regions are losing visual information.""}]"
C:\Users\Shreya Dubey\OneDrive\Documents\Projects\visionguard\datasets\smart_city_benchmark\drone\visdrone_066.jpg,Drone Imagery,VisDrone,38,23.29,NOT READY,"[{""type"":""overexposure"",""severity"":""high"",""metric"":""bright_pixel_ratio"",""value"":20.1,""threshold"":10.0,""impact"":""Highlight clipping may reduce reliability of downstream visual analytics."",""confidence"":1.0,""description"":""Bright regions are losing visual information.""}]"
C:\Users\Shreya Dubey\OneDrive\Documents\Projects\visionguard\datasets\smart_city_benchmark\drone\visdrone_067.jpg,Drone Imagery,VisDrone,38,23.29,NOT READY,"[{""type"":""overexposure"",""severity"":""high"",""metric"":""bright_pixel_ratio"",""value"":20.1,""threshold"":10.0,""impact"":""Highlight clipping may reduce reliability of downstream visual analytics."",""confidence"":1.0,""description"":""Bright regions are losing visual information.""}]"
C:\Users\Shreya Dubey\OneDrive\Documents\Projects\visionguard\datasets\smart_city_benchmark\drone\visdrone_068.jpg,Drone Imagery,VisDrone,38,23.29,NOT READY,"[{""type"":""overexposure"",""severity"":""high"",""metric"":""bright_pixel_ratio"",""value"":20.1,""threshold"":10.0,""impact"":""Highlight clipping may reduce reliability of downstream visual analytics."",""confidence"":1.0,""description"":""Bright regions are losing visual information.""}]"
C:\Users\Shreya Dubey\OneDrive\Documents\Projects\visionguard\datasets\smart_city_benchmark\drone\visdrone_069.jpg,Drone Imagery,VisDrone,38,23.29,NOT READY,"[{""type"":""overexposure"",""severity"":""high"",""metric"":""bright_pixel_ratio"",""value"":20.1,""threshold"":10.0,""impact"":""Highlight clipping may reduce reliability of downstream visual analytics."",""confidence"":1.0,""description"":""Bright regions are losing visual information.""}]"
C:\Users\Shreya Dubey\OneDrive\Documents\Projects\visionguard\datasets\smart_city_benchmark\drone\visdrone_070.jpg,Drone Imagery,VisDrone,38,23.29,NOT READY,"[{""type"":""overexposure"",""severity"":""high"",""metric"":""bright_pixel_ratio"",""value"":20.1,""threshold"":10.0,""impact"":""Highlight clipping may reduce reliability of downstream visual analytics."",""confidence"":1.0,""description"":""Bright regions are losing visual information.""}]"
C:\Users\Shreya Dubey\OneDrive\Documents\Projects\visionguard\datasets\smart_city_benchmark\drone\visdrone_071.jpg,Drone Imagery,VisDrone,38,23.29,NOT READY,"[{""type"":""overexposure"",""severity"":""high"",""metric"":""bright_pixel_ratio"",""value"":20.1,""threshold"":10.0,""impact"":""Highlight clipping may reduce reliability of downstream visual analytics."",""confidence"":1.0,""description"":""Bright regions are losing visual information.""}]"
C:\Users\Shreya Dubey\OneDrive\Documents\Projects\visionguard\datasets\smart_city_benchmark\drone\visdrone_072.jpg,Drone Imagery,VisDrone,38,23.29,NOT READY,"[{""type"":""overexposure"",""severity"":""high"",""metric"":""bright_pixel_ratio"",""value"":20.1,""threshold"":10.0,""impact"":""Highlight clipping may reduce reliability of downstream visual analytics."",""confidence"":1.0,""description"":""Bright regions are losing visual information.""}]"
C:\Users\Shreya Dubey\OneDrive\Documents\Projects\visionguard\datasets\smart_city_benchmark\drone\visdrone_073.jpg,Drone Imagery,VisDrone,38,23.29,NOT READY,"[{""type"":""overexposure"",""severity"":""high"",""metric"":""bright_pixel_ratio"",""value"":20.1,""threshold"":10.0,""impact"":""Highlight clipping may reduce reliability of downstream visual analytics."",""confidence"":1.0,""description"":""Bright regions are losing visual information.""}]"
C:\Users\Shreya Dubey\OneDrive\Documents\Projects\visionguard\datasets\smart_city_benchmark\drone\visdrone_074.jpg,Drone Imagery,VisDrone,38,23.29,NOT READY,"[{""type"":""overexposure"",""severity"":""high"",""metric"":""bright_pixel_ratio"",""value"":20.1,""threshold"":10.0,""impact"":""Highlight clipping may reduce reliability of downstream visual analytics."",""confidence"":1.0,""description"":""Bright regions are losing visual information.""}]"
C:\Users\Shreya Dubey\OneDrive\Documents\Projects\visionguard\datasets\smart_city_benchmark\drone\visdrone_075.jpg,Drone Imagery,VisDrone,38,23.29,NOT READY,"[{""type"":""overexposure"",""severity"":""high"",""metric"":""bright_pixel_ratio"",""value"":20.1,""threshold"":10.0,""impact"":""Highlight clipping may reduce reliability of downstream visual analytics."",""confidence"":1.0,""description"":""Bright regions are losing visual information.""}]"
C:\Users\Shreya Dubey\OneDrive\Documents\Projects\visionguard\datasets\smart_city_benchmark\drone\visdrone_076.jpg,Drone Imagery,VisDrone,38,23.29,NOT READY,"[{""type"":""overexposure"",""severity"":""high"",""metric"":""bright_pixel_ratio"",""value"":20.1,""threshold"":10.0,""impact"":""Highlight clipping may reduce reliability of downstream visual analytics."",""confidence"":1.0,""description"":""Bright regions are losing visual information.""}]"
C:\Users\Shreya Dubey\OneDrive\Documents\Projects\visionguard\datasets\smart_city_benchmark\drone\visdrone_077.jpg,Drone Imagery,VisDrone,38,23.29,NOT READY,"[{""type"":""overexposure"",""severity"":""high"",""metric"":""bright_pixel_ratio"",""value"":20.1,""threshold"":10.0,""impact"":""Highlight clipping may reduce reliability of downstream visual analytics."",""confidence"":1.0,""description"":""Bright regions are losing visual information.""}]"
C:\Users\Shreya Dubey\OneDrive\Documents\Projects\visionguard\datasets\smart_city_benchmark\drone\visdrone_078.jpg,Drone Imagery,VisDrone,38,23.29,NOT READY,"[{""type"":""overexposure"",""severity"":""high"",""metric"":""bright_pixel_ratio"",""value"":20.1,""threshold"":10.0,""impact"":""Highlight clipping may reduce reliability of downstream visual analytics."",""confidence"":1.0,""description"":""Bright regions are losing visual information.""}]"
C:\Users\Shreya Dubey\OneDrive\Documents\Projects\visionguard\datasets\smart_city_benchmark\drone\visdrone_079.jpg,Drone Imagery,VisDrone,38,23.29,NOT READY,"[{""type"":""overexposure"",""severity"":""high"",""metric"":""bright_pixel_ratio"",""value"":20.1,""threshold"":10.0,""impact"":""Highlight clipping may reduce reliability of downstream visual analytics."",""confidence"":1.0,""description"":""Bright regions are losing visual information.""}]"
C:\Users\Shreya Dubey\OneDrive\Documents\Projects\visionguard\datasets\smart_city_benchmark\drone\visdrone_080.jpg,Drone Imagery,VisDrone,38,23.29,NOT READY,"[{""type"":""overexposure"",""severity"":""high"",""metric"":""bright_pixel_ratio"",""value"":20.1,""threshold"":10.0,""impact"":""Highlight clipping may reduce reliability of downstream visual analytics."",""confidence"":1.0,""description"":""Bright regions are losing visual information.""}]"
C:\Users\Shreya Dubey\OneDrive\Documents\Projects\visionguard\datasets\smart_city_benchmark\drone\visdrone_081.jpg,Drone Imagery,VisDrone,38,23.29,NOT READY,"[{""type"":""overexposure"",""severity"":""high"",""metric"":""bright_pixel_ratio"",""value"":20.1,""threshold"":10.0,""impact"":""Highlight clipping may reduce reliability of downstream visual analytics."",""confidence"":1.0,""description"":""Bright regions are losing visual information.""}]"
C:\Users\Shreya Dubey\OneDrive\Documents\Projects\visionguard\datasets\smart_city_benchmark\drone\visdrone_082.jpg,Drone Imagery,VisDrone,38,23.29,NOT READY,"[{""type"":""overexposure"",""severity"":""high"",""metric"":""bright_pixel_ratio"",""value"":20.1,""threshold"":10.0,""impact"":""Highlight clipping may reduce reliability of downstream visual analytics."",""confidence"":1.0,""description"":""Bright regions are losing visual information.""}]"
C:\Users\Shreya Dubey\OneDrive\Documents\Projects\visionguard\datasets\smart_city_benchmark\drone\visdrone_083.jpg,Drone Imagery,VisDrone,38,23.29,NOT READY,"[{""type"":""overexposure"",""severity"":""high"",""metric"":""bright_pixel_ratio"",""value"":20.1,""threshold"":10.0,""impact"":""Highlight clipping may reduce reliability of downstream visual analytics."",""confidence"":1.0,""description"":""Bright regions are losing visual information.""}]"
C:\Users\Shreya Dubey\OneDrive\Documents\Projects\visionguard\datasets\smart_city_benchmark\drone\visdrone_084.jpg,Drone Imagery,VisDrone,38,23.29,NOT READY,"[{""type"":""overexposure"",""severity"":""high"",""metric"":""bright_pixel_ratio"",""value"":20.1,""threshold"":10.0,""impact"":""Highlight clipping may reduce reliability of downstream visual analytics."",""confidence"":1.0,""description"":""Bright regions are losing visual information.""}]"
C:\Users\Shreya Dubey\OneDrive\Documents\Projects\visionguard\datasets\smart_city_benchmark\drone\visdrone_085.jpg,Drone Imagery,VisDrone,38,23.29,NOT READY,"[{""type"":""overexposure"",""severity"":""high"",""metric"":""bright_pixel_ratio"",""value"":20.1,""threshold"":10.0,""impact"":""Highlight clipping may reduce reliability of downstream visual analytics."",""confidence"":1.0,""description"":""Bright regions are losing visual information.""}]"
C:\Users\Shreya Dubey\OneDrive\Documents\Projects\visionguard\datasets\smart_city_benchmark\drone\visdrone_086.jpg,Drone Imagery,VisDrone,38,23.29,NOT READY,"[{""type"":""overexposure"",""severity"":""high"",""metric"":""bright_pixel_ratio"",""value"":20.1,""threshold"":10.0,""impact"":""Highlight clipping may reduce reliability of downstream visual analytics."",""confidence"":1.0,""description"":""Bright regions are losing visual information.""}]"
C:\Users\Shreya Dubey\OneDrive\Documents\Projects\visionguard\datasets\smart_city_benchmark\drone\visdrone_087.jpg,Drone Imagery,VisDrone,38,23.29,NOT READY,"[{""type"":""overexposure"",""severity"":""high"",""metric"":""bright_pixel_ratio"",""value"":20.1,""threshold"":10.0,""impact"":""Highlight clipping may reduce reliability of downstream visual analytics."",""confidence"":1.0,""description"":""Bright regions are losing visual information.""}]"
C:\Users\Shreya Dubey\OneDrive\Documents\Projects\visionguard\datasets\smart_city_benchmark\drone\visdrone_088.jpg,Drone Imagery,VisDrone,38,23.29,NOT READY,"[{""type"":""overexposure"",""severity"":""high"",""metric"":""bright_pixel_ratio"",""value"":20.1,""threshold"":10.0,""impact"":""Highlight clipping may reduce reliability of downstream visual analytics."",""confidence"":1.0,""description"":""Bright regions are losing visual information.""}]"
C:\Users\Shreya Dubey\OneDrive\Documents\Projects\visionguard\datasets\smart_city_benchmark\drone\visdrone_089.jpg,Drone Imagery,VisDrone,38,23.29,NOT READY,"[{""type"":""overexposure"",""severity"":""high"",""metric"":""bright_pixel_ratio"",""value"":20.1,""threshold"":10.0,""impact"":""Highlight clipping may reduce reliability of downstream visual analytics."",""confidence"":1.0,""description"":""Bright regions are losing visual information.""}]"
C:\Users\Shreya Dubey\OneDrive\Documents\Projects\visionguard\datasets\smart_city_benchmark\drone\visdrone_090.jpg,Drone Imagery,VisDrone,38,23.29,NOT READY,"[{""type"":""overexposure"",""severity"":""high"",""metric"":""bright_pixel_ratio"",""value"":20.1,""threshold"":10.0,""impact"":""Highlight clipping may reduce reliability of downstream visual analytics."",""confidence"":1.0,""description"":""Bright regions are losing visual information.""}]"
C:\Users\Shreya Dubey\OneDrive\Documents\Projects\visionguard\datasets\smart_city_benchmark\drone\visdrone_091.jpg,Drone Imagery,VisDrone,38,23.29,NOT READY,"[{""type"":""overexposure"",""severity"":""high"",""metric"":""bright_pixel_ratio"",""value"":20.1,""threshold"":10.0,""impact"":""Highlight clipping may reduce reliability of downstream visual analytics."",""confidence"":1.0,""description"":""Bright regions are losing visual information.""}]"
C:\Users\Shreya Dubey\OneDrive\Documents\Projects\visionguard\datasets\smart_city_benchmark\drone\visdrone_092.jpg,Drone Imagery,VisDrone,38,23.29,NOT READY,"[{""type"":""overexposure"",""severity"":""high"",""metric"":""bright_pixel_ratio"",""value"":20.1,""threshold"":10.0,""impact"":""Highlight clipping may reduce reliability of downstream visual analytics."",""confidence"":1.0,""description"":""Bright regions are losing visual information.""}]"
C:\Users\Shreya Dubey\OneDrive\Documents\Projects\visionguard\datasets\smart_city_benchmark\drone\visdrone_093.jpg,Drone Imagery,VisDrone,38,23.29,NOT READY,"[{""type"":""overexposure"",""severity"":""high"",""metric"":""bright_pixel_ratio"",""value"":20.1,""threshold"":10.0,""impact"":""Highlight clipping may reduce reliability of downstream visual analytics."",""confidence"":1.0,""description"":""Bright regions are losing visual information.""}]"
C:\Users\Shreya Dubey\OneDrive\Documents\Projects\visionguard\datasets\smart_city_benchmark\drone\visdrone_094.jpg,Drone Imagery,VisDrone,38,23.29,NOT READY,"[{""type"":""overexposure"",""severity"":""high"",""metric"":""bright_pixel_ratio"",""value"":20.1,""threshold"":10.0,""impact"":""Highlight clipping may reduce reliability of downstream visual analytics."",""confidence"":1.0,""description"":""Bright regions are losing visual information.""}]"
C:\Users\Shreya Dubey\OneDrive\Documents\Projects\visionguard\datasets\smart_city_benchmark\drone\visdrone_095.jpg,Drone Imagery,VisDrone,38,23.29,NOT READY,"[{""type"":""overexposure"",""severity"":""high"",""metric"":""bright_pixel_ratio"",""value"":20.1,""threshold"":10.0,""impact"":""Highlight clipping may reduce reliability of downstream visual analytics."",""confidence"":1.0,""description"":""Bright regions are losing visual information.""}]"
C:\Users\Shreya Dubey\OneDrive\Documents\Projects\visionguard\datasets\smart_city_benchmark\drone\visdrone_096.jpg,Drone Imagery,VisDrone,38,23.29,NOT READY,"[{""type"":""overexposure"",""severity"":""high"",""metric"":""bright_pixel_ratio"",""value"":20.1,""threshold"":10.0,""impact"":""Highlight clipping may reduce reliability of downstream visual analytics."",""confidence"":1.0,""description"":""Bright regions are losing visual information.""}]"
C:\Users\Shreya Dubey\OneDrive\Documents\Projects\visionguard\datasets\smart_city_benchmark\drone\visdrone_097.jpg,Drone Imagery,VisDrone,38,23.29,NOT READY,"[{""type"":""overexposure"",""severity"":""high"",""metric"":""bright_pixel_ratio"",""value"":20.1,""threshold"":10.0,""impact"":""Highlight clipping may reduce reliability of downstream visual analytics."",""confidence"":1.0,""description"":""Bright regions are losing visual information.""}]"
C:\Users\Shreya Dubey\OneDrive\Documents\Projects\visionguard\datasets\smart_city_benchmark\drone\visdrone_098.jpg,Drone Imagery,VisDrone,38,23.29,NOT READY,"[{""type"":""overexposure"",""severity"":""high"",""metric"":""bright_pixel_ratio"",""value"":20.1,""threshold"":10.0,""impact"":""Highlight clipping may reduce reliability of downstream visual analytics."",""confidence"":1.0,""description"":""Bright regions are losing visual information.""}]"
C:\Users\Shreya Dubey\OneDrive\Documents\Projects\visionguard\datasets\smart_city_benchmark\drone\visdrone_099.jpg,Drone Imagery,VisDrone,38,23.29,NOT READY,"[{""type"":""overexposure"",""severity"":""high"",""metric"":""bright_pixel_ratio"",""value"":20.1,""threshold"":10.0,""impact"":""Highlight clipping may reduce reliability of downstream visual analytics."",""confidence"":1.0,""description"":""Bright regions are losing visual information.""}]"
C:\Users\Shreya Dubey\OneDrive\Documents\Projects\visionguard\datasets\smart_city_benchmark\drone\visdrone_100.jpg,Drone Imagery,VisDrone,38,23.29,NOT READY,"[{""type"":""overexposure"",""severity"":""high"",""metric"":""bright_pixel_ratio"",""value"":20.1,""threshold"":10.0,""impact"":""Highlight clipping may reduce reliability of downstream visual analytics."",""confidence"":1.0,""description"":""Bright regions are losing visual information.""}]"
C:\Users\Shreya Dubey\OneDrive\Documents\Projects\visionguard\datasets\smart_city_benchmark\drone\visdrone_101.jpg,Drone Imagery,VisDrone,38,23.29,NOT READY,"[{""type"":""overexposure"",""severity"":""high"",""metric"":""bright_pixel_ratio"",""value"":20.1,""threshold"":10.0,""impact"":""Highlight clipping may reduce reliability of downstream visual analytics."",""confidence"":1.0,""description"":""Bright regions are losing visual information.""}]"
C:\Users\Shreya Dubey\OneDrive\Documents\Projects\visionguard\datasets\smart_city_benchmark\drone\visdrone_102.jpg,Drone Imagery,VisDrone,38,23.29,NOT READY,"[{""type"":""overexposure"",""severity"":""high"",""metric"":""bright_pixel_ratio"",""value"":20.1,""threshold"":10.0,""impact"":""Highlight clipping may reduce reliability of downstream visual analytics."",""confidence"":1.0,""description"":""Bright regions are losing visual information.""}]"
C:\Users\Shreya Dubey\OneDrive\Documents\Projects\visionguard\datasets\smart_city_benchmark\drone\visdrone_103.jpg,Drone Imagery,VisDrone,38,23.29,NOT READY,"[{""type"":""overexposure"",""severity"":""high"",""metric"":""bright_pixel_ratio"",""value"":20.1,""threshold"":10.0,""impact"":""Highlight clipping may reduce reliability of downstream visual analytics."",""confidence"":1.0,""description"":""Bright regions are losing visual information.""}]"
C:\Users\Shreya Dubey\OneDrive\Documents\Projects\visionguard\datasets\smart_city_benchmark\drone\visdrone_104.jpg,Drone Imagery,VisDrone,38,23.29,NOT READY,"[{""type"":""overexposure"",""severity"":""high"",""metric"":""bright_pixel_ratio"",""value"":20.1,""threshold"":10.0,""impact"":""Highlight clipping may reduce reliability of downstream visual analytics."",""confidence"":1.0,""description"":""Bright regions are losing visual information.""}]"
C:\Users\Shreya Dubey\OneDrive\Documents\Projects\visionguard\datasets\smart_city_benchmark\drone\visdrone_105.jpg,Drone Imagery,VisDrone,38,23.29,NOT READY,"[{""type"":""overexposure"",""severity"":""high"",""metric"":""bright_pixel_ratio"",""value"":20.1,""threshold"":10.0,""impact"":""Highlight clipping may reduce reliability of downstream visual analytics."",""confidence"":1.0,""description"":""Bright regions are losing visual information.""}]"
C:\Users\Shreya Dubey\OneDrive\Documents\Projects\visionguard\datasets\smart_city_benchmark\drone\visdrone_106.jpg,Drone Imagery,VisDrone,38,23.29,NOT READY,"[{""type"":""overexposure"",""severity"":""high"",""metric"":""bright_pixel_ratio"",""value"":20.1,""threshold"":10.0,""impact"":""Highlight clipping may reduce reliability of downstream visual analytics."",""confidence"":1.0,""description"":""Bright regions are losing visual information.""}]"
C:\Users\Shreya Dubey\OneDrive\Documents\Projects\visionguard\datasets\smart_city_benchmark\drone\visdrone_107.jpg,Drone Imagery,VisDrone,38,23.29,NOT READY,"[{""type"":""overexposure"",""severity"":""high"",""metric"":""bright_pixel_ratio"",""value"":20.1,""threshold"":10.0,""impact"":""Highlight clipping may reduce reliability of downstream visual analytics."",""confidence"":1.0,""description"":""Bright regions are losing visual information.""}]"
C:\Users\Shreya Dubey\OneDrive\Documents\Projects\visionguard\datasets\smart_city_benchmark\drone\visdrone_108.jpg,Drone Imagery,VisDrone,38,23.29,NOT READY,"[{""type"":""overexposure"",""severity"":""high"",""metric"":""bright_pixel_ratio"",""value"":20.1,""threshold"":10.0,""impact"":""Highlight clipping may reduce reliability of downstream visual analytics."",""confidence"":1.0,""description"":""Bright regions are losing visual information.""}]"
C:\Users\Shreya Dubey\OneDrive\Documents\Projects\visionguard\datasets\smart_city_benchmark\drone\visdrone_109.jpg,Drone Imagery,VisDrone,38,23.29,NOT READY,"[{""type"":""overexposure"",""severity"":""high"",""metric"":""bright_pixel_ratio"",""value"":20.1,""threshold"":10.0,""impact"":""Highlight clipping may reduce reliability of downstream visual analytics."",""confidence"":1.0,""description"":""Bright regions are losing visual information.""}]"
C:\Users\Shreya Dubey\OneDrive\Documents\Projects\visionguard\datasets\smart_city_benchmark\drone\visdrone_110.jpg,Drone Imagery,VisDrone,38,23.29,NOT READY,"[{""type"":""overexposure"",""severity"":""high"",""metric"":""bright_pixel_ratio"",""value"":20.1,""threshold"":10.0,""impact"":""Highlight clipping may reduce reliability of downstream visual analytics."",""confidence"":1.0,""description"":""Bright regions are losing visual information.""}]"
C:\Users\Shreya Dubey\OneDrive\Documents\Projects\visionguard\datasets\smart_city_benchmark\drone\visdrone_111.jpg,Drone Imagery,VisDrone,38,23.29,NOT READY,"[{""type"":""overexposure"",""severity"":""high"",""metric"":""bright_pixel_ratio"",""value"":20.1,""threshold"":10.0,""impact"":""Highlight clipping may reduce reliability of downstream visual analytics."",""confidence"":1.0,""description"":""Bright regions are losing visual information.""}]"
C:\Users\Shreya Dubey\OneDrive\Documents\Projects\visionguard\datasets\smart_city_benchmark\drone\visdrone_112.jpg,Drone Imagery,VisDrone,38,23.29,NOT READY,"[{""type"":""overexposure"",""severity"":""high"",""metric"":""bright_pixel_ratio"",""value"":20.1,""threshold"":10.0,""impact"":""Highlight clipping may reduce reliability of downstream visual analytics."",""confidence"":1.0,""description"":""Bright regions are losing visual information.""}]"
C:\Users\Shreya Dubey\OneDrive\Documents\Projects\visionguard\datasets\smart_city_benchmark\drone\visdrone_113.jpg,Drone Imagery,VisDrone,38,23.29,NOT READY,"[{""type"":""overexposure"",""severity"":""high"",""metric"":""bright_pixel_ratio"",""value"":20.1,""threshold"":10.0,""impact"":""Highlight clipping may reduce reliability of downstream visual analytics."",""confidence"":1.0,""description"":""Bright regions are losing visual information.""}]"
C:\Users\Shreya Dubey\OneDrive\Documents\Projects\visionguard\datasets\smart_city_benchmark\drone\visdrone_114.jpg,Drone Imagery,VisDrone,38,23.29,NOT READY,"[{""type"":""overexposure"",""severity"":""high"",""metric"":""bright_pixel_ratio"",""value"":20.1,""threshold"":10.0,""impact"":""Highlight clipping may reduce reliability of downstream visual analytics."",""confidence"":1.0,""description"":""Bright regions are losing visual information.""}]"
C:\Users\Shreya Dubey\OneDrive\Documents\Projects\visionguard\datasets\smart_city_benchmark\drone\visdrone_115.jpg,Drone Imagery,VisDrone,38,23.29,NOT READY,"[{""type"":""overexposure"",""severity"":""high"",""metric"":""bright_pixel_ratio"",""value"":20.1,""threshold"":10.0,""impact"":""Highlight clipping may reduce reliability of downstream visual analytics."",""confidence"":1.0,""description"":""Bright regions are losing visual information.""}]"
C:\Users\Shreya Dubey\OneDrive\Documents\Projects\visionguard\datasets\smart_city_benchmark\drone\visdrone_116.jpg,Drone Imagery,VisDrone,38,23.29,NOT READY,"[{""type"":""overexposure"",""severity"":""high"",""metric"":""bright_pixel_ratio"",""value"":20.1,""threshold"":10.0,""impact"":""Highlight clipping may reduce reliability of downstream visual analytics."",""confidence"":1.0,""description"":""Bright regions are losing visual information.""}]"
C:\Users\Shreya Dubey\OneDrive\Documents\Projects\visionguard\datasets\smart_city_benchmark\drone\visdrone_117.jpg,Drone Imagery,VisDrone,38,23.29,NOT READY,"[{""type"":""overexposure"",""severity"":""high"",""metric"":""bright_pixel_ratio"",""value"":20.1,""threshold"":10.0,""impact"":""Highlight clipping may reduce reliability of downstream visual analytics."",""confidence"":1.0,""description"":""Bright regions are losing visual information.""}]"
C:\Users\Shreya Dubey\OneDrive\Documents\Projects\visionguard\datasets\smart_city_benchmark\drone\visdrone_118.jpg,Drone Imagery,VisDrone,38,23.29,NOT READY,"[{""type"":""overexposure"",""severity"":""high"",""metric"":""bright_pixel_ratio"",""value"":20.1,""threshold"":10.0,""impact"":""Highlight clipping may reduce reliability of downstream visual analytics."",""confidence"":1.0,""description"":""Bright regions are losing visual information.""}]"
C:\Users\Shreya Dubey\OneDrive\Documents\Projects\visionguard\datasets\smart_city_benchmark\drone\visdrone_119.jpg,Drone Imagery,VisDrone,38,23.29,NOT READY,"[{""type"":""overexposure"",""severity"":""high"",""metric"":""bright_pixel_ratio"",""value"":20.1,""threshold"":10.0,""impact"":""Highlight clipping may reduce reliability of downstream visual analytics."",""confidence"":1.0,""description"":""Bright regions are losing visual information.""}]"
C:\Users\Shreya Dubey\OneDrive\Documents\Projects\visionguard\datasets\smart_city_benchmark\drone\visdrone_120.jpg,Drone Imagery,VisDrone,38,23.29,NOT READY,"[{""type"":""overexposure"",""severity"":""high"",""metric"":""bright_pixel_ratio"",""value"":20.1,""threshold"":10.0,""impact"":""Highlight clipping may reduce reliability of downstream visual analytics."",""confidence"":1.0,""description"":""Bright regions are losing visual information.""}]"
C:\Users\Shreya Dubey\OneDrive\Documents\Projects\visionguard\datasets\smart_city_benchmark\drone\visdrone_121.jpg,Drone Imagery,VisDrone,38,23.29,NOT READY,"[{""type"":""overexposure"",""severity"":""high"",""metric"":""bright_pixel_ratio"",""value"":20.1,""threshold"":10.0,""impact"":""Highlight clipping may reduce reliability of downstream visual analytics."",""confidence"":1.0,""description"":""Bright regions are losing visual information.""}]"
C:\Users\Shreya Dubey\OneDrive\Documents\Projects\visionguard\datasets\smart_city_benchmark\drone\visdrone_122.jpg,Drone Imagery,VisDrone,38,23.29,NOT READY,"[{""type"":""overexposure"",""severity"":""high"",""metric"":""bright_pixel_ratio"",""value"":20.1,""threshold"":10.0,""impact"":""Highlight clipping may reduce reliability of downstream visual analytics."",""confidence"":1.0,""description"":""Bright regions are losing visual information.""}]"
C:\Users\Shreya Dubey\OneDrive\Documents\Projects\visionguard\datasets\smart_city_benchmark\drone\visdrone_123.jpg,Drone Imagery,VisDrone,38,23.29,NOT READY,"[{""type"":""overexposure"",""severity"":""high"",""metric"":""bright_pixel_ratio"",""value"":20.1,""threshold"":10.0,""impact"":""Highlight clipping may reduce reliability of downstream visual analytics."",""confidence"":1.0,""description"":""Bright regions are losing visual information.""}]"
C:\Users\Shreya Dubey\OneDrive\Documents\Projects\visionguard\datasets\smart_city_benchmark\drone\visdrone_124.jpg,Drone Imagery,VisDrone,38,23.29,NOT READY,"[{""type"":""overexposure"",""severity"":""high"",""metric"":""bright_pixel_ratio"",""value"":20.1,""threshold"":10.0,""impact"":""Highlight clipping may reduce reliability of downstream visual analytics."",""confidence"":1.0,""description"":""Bright regions are losing visual information.""}]"
C:\Users\Shreya Dubey\OneDrive\Documents\Projects\visionguard\datasets\smart_city_benchmark\drone\visdrone_125.jpg,Drone Imagery,VisDrone,38,23.29,NOT READY,"[{""type"":""overexposure"",""severity"":""high"",""metric"":""bright_pixel_ratio"",""value"":20.1,""threshold"":10.0,""impact"":""Highlight clipping may reduce reliability of downstream visual analytics."",""confidence"":1.0,""description"":""Bright regions are losing visual information.""}]"
C:\Users\Shreya Dubey\OneDrive\Documents\Projects\visionguard\datasets\smart_city_benchmark\drone\visdrone_126.jpg,Drone Imagery,VisDrone,38,23.29,NOT READY,"[{""type"":""overexposure"",""severity"":""high"",""metric"":""bright_pixel_ratio"",""value"":20.1,""threshold"":10.0,""impact"":""Highlight clipping may reduce reliability of downstream visual analytics."",""confidence"":1.0,""description"":""Bright regions are losing visual information.""}]"
C:\Users\Shreya Dubey\OneDrive\Documents\Projects\visionguard\datasets\smart_city_benchmark\drone\visdrone_127.jpg,Drone Imagery,VisDrone,38,23.29,NOT READY,"[{""type"":""overexposure"",""severity"":""high"",""metric"":""bright_pixel_ratio"",""value"":20.1,""threshold"":10.0,""impact"":""Highlight clipping may reduce reliability of downstream visual analytics."",""confidence"":1.0,""description"":""Bright regions are losing visual information.""}]"
C:\Users\Shreya Dubey\OneDrive\Documents\Projects\visionguard\datasets\smart_city_benchmark\drone\visdrone_128.jpg,Drone Imagery,VisDrone,38,23.29,NOT READY,"[{""type"":""overexposure"",""severity"":""high"",""metric"":""bright_pixel_ratio"",""value"":20.1,""threshold"":10.0,""impact"":""Highlight clipping may reduce reliability of downstream visual analytics."",""confidence"":1.0,""description"":""Bright regions are losing visual information.""}]"
C:\Users\Shreya Dubey\OneDrive\Documents\Projects\visionguard\datasets\smart_city_benchmark\drone\visdrone_129.jpg,Drone Imagery,VisDrone,38,23.29,NOT READY,"[{""type"":""overexposure"",""severity"":""high"",""metric"":""bright_pixel_ratio"",""value"":20.1,""threshold"":10.0,""impact"":""Highlight clipping may reduce reliability of downstream visual analytics."",""confidence"":1.0,""description"":""Bright regions are losing visual information.""}]"
C:\Users\Shreya Dubey\OneDrive\Documents\Projects\visionguard\datasets\smart_city_benchmark\drone\visdrone_130.jpg,Drone Imagery,VisDrone,38,23.29,NOT READY,"[{""type"":""overexposure"",""severity"":""high"",""metric"":""bright_pixel_ratio"",""value"":20.1,""threshold"":10.0,""impact"":""Highlight clipping may reduce reliability of downstream visual analytics."",""confidence"":1.0,""description"":""Bright regions are losing visual information.""}]"
C:\Users\Shreya Dubey\OneDrive\Documents\Projects\visionguard\datasets\smart_city_benchmark\drone\visdrone_131.jpg,Drone Imagery,VisDrone,38,23.29,NOT READY,"[{""type"":""overexposure"",""severity"":""high"",""metric"":""bright_pixel_ratio"",""value"":20.1,""threshold"":10.0,""impact"":""Highlight clipping may reduce reliability of downstream visual analytics."",""confidence"":1.0,""description"":""Bright regions are losing visual information.""}]"
C:\Users\Shreya Dubey\OneDrive\Documents\Projects\visionguard\datasets\smart_city_benchmark\drone\visdrone_132.jpg,Drone Imagery,VisDrone,38,23.29,NOT READY,"[{""type"":""overexposure"",""severity"":""high"",""metric"":""bright_pixel_ratio"",""value"":20.1,""threshold"":10.0,""impact"":""Highlight clipping may reduce reliability of downstream visual analytics."",""confidence"":1.0,""description"":""Bright regions are losing visual information.""}]"
C:\Users\Shreya Dubey\OneDrive\Documents\Projects\visionguard\datasets\smart_city_benchmark\drone\visdrone_133.jpg,Drone Imagery,VisDrone,38,23.29,NOT READY,"[{""type"":""overexposure"",""severity"":""high"",""metric"":""bright_pixel_ratio"",""value"":20.1,""threshold"":10.0,""impact"":""Highlight clipping may reduce reliability of downstream visual analytics."",""confidence"":1.0,""description"":""Bright regions are losing visual information.""}]"
C:\Users\Shreya Dubey\OneDrive\Documents\Projects\visionguard\datasets\smart_city_benchmark\drone\visdrone_134.jpg,Drone Imagery,VisDrone,38,23.29,NOT READY,"[{""type"":""overexposure"",""severity"":""high"",""metric"":""bright_pixel_ratio"",""value"":20.1,""threshold"":10.0,""impact"":""Highlight clipping may reduce reliability of downstream visual analytics."",""confidence"":1.0,""description"":""Bright regions are losing visual information.""}]"
C:\Users\Shreya Dubey\OneDrive\Documents\Projects\visionguard\datasets\smart_city_benchmark\drone\visdrone_135.jpg,Drone Imagery,VisDrone,38,23.29,NOT READY,"[{""type"":""overexposure"",""severity"":""high"",""metric"":""bright_pixel_ratio"",""value"":20.1,""threshold"":10.0,""impact"":""Highlight clipping may reduce reliability of downstream visual analytics."",""confidence"":1.0,""description"":""Bright regions are losing visual information.""}]"
C:\Users\Shreya Dubey\OneDrive\Documents\Projects\visionguard\datasets\smart_city_benchmark\drone\visdrone_136.jpg,Drone Imagery,VisDrone,38,23.29,NOT READY,"[{""type"":""overexposure"",""severity"":""high"",""metric"":""bright_pixel_ratio"",""value"":20.1,""threshold"":10.0,""impact"":""Highlight clipping may reduce reliability of downstream visual analytics."",""confidence"":1.0,""description"":""Bright regions are losing visual information.""}]"
C:\Users\Shreya Dubey\OneDrive\Documents\Projects\visionguard\datasets\smart_city_benchmark\drone\visdrone_137.jpg,Drone Imagery,VisDrone,38,23.29,NOT READY,"[{""type"":""overexposure"",""severity"":""high"",""metric"":""bright_pixel_ratio"",""value"":20.1,""threshold"":10.0,""impact"":""Highlight clipping may reduce reliability of downstream visual analytics."",""confidence"":1.0,""description"":""Bright regions are losing visual information.""}]"
C:\Users\Shreya Dubey\OneDrive\Documents\Projects\visionguard\datasets\smart_city_benchmark\drone\visdrone_138.jpg,Drone Imagery,VisDrone,38,23.29,NOT READY,"[{""type"":""overexposure"",""severity"":""high"",""metric"":""bright_pixel_ratio"",""value"":20.1,""threshold"":10.0,""impact"":""Highlight clipping may reduce reliability of downstream visual analytics."",""confidence"":1.0,""description"":""Bright regions are losing visual information.""}]"
C:\Users\Shreya Dubey\OneDrive\Documents\Projects\visionguard\datasets\smart_city_benchmark\drone\visdrone_139.jpg,Drone Imagery,VisDrone,38,23.29,NOT READY,"[{""type"":""overexposure"",""severity"":""high"",""metric"":""bright_pixel_ratio"",""value"":20.1,""threshold"":10.0,""impact"":""Highlight clipping may reduce reliability of downstream visual analytics."",""confidence"":1.0,""description"":""Bright regions are losing visual information.""}]"
C:\Users\Shreya Dubey\OneDrive\Documents\Projects\visionguard\datasets\smart_city_benchmark\drone\visdrone_140.jpg,Drone Imagery,VisDrone,38,23.29,NOT READY,"[{""type"":""overexposure"",""severity"":""high"",""metric"":""bright_pixel_ratio"",""value"":20.1,""threshold"":10.0,""impact"":""Highlight clipping may reduce reliability of downstream visual analytics."",""confidence"":1.0,""description"":""Bright regions are losing visual information.""}]"
C:\Users\Shreya Dubey\OneDrive\Documents\Projects\visionguard\datasets\smart_city_benchmark\drone\visdrone_141.jpg,Drone Imagery,VisDrone,38,23.29,NOT READY,"[{""type"":""overexposure"",""severity"":""high"",""metric"":""bright_pixel_ratio"",""value"":20.1,""threshold"":10.0,""impact"":""Highlight clipping may reduce reliability of downstream visual analytics."",""confidence"":1.0,""description"":""Bright regions are losing visual information.""}]"
C:\Users\Shreya Dubey\OneDrive\Documents\Projects\visionguard\datasets\smart_city_benchmark\drone\visdrone_142.jpg,Drone Imagery,VisDrone,38,23.29,NOT READY,"[{""type"":""overexposure"",""severity"":""high"",""metric"":""bright_pixel_ratio"",""value"":20.1,""threshold"":10.0,""impact"":""Highlight clipping may reduce reliability of downstream visual analytics."",""confidence"":1.0,""description"":""Bright regions are losing visual information.""}]"
C:\Users\Shreya Dubey\OneDrive\Documents\Projects\visionguard\datasets\smart_city_benchmark\drone\visdrone_143.jpg,Drone Imagery,VisDrone,38,23.29,NOT READY,"[{""type"":""overexposure"",""severity"":""high"",""metric"":""bright_pixel_ratio"",""value"":20.1,""threshold"":10.0,""impact"":""Highlight clipping may reduce reliability of downstream visual analytics."",""confidence"":1.0,""description"":""Bright regions are losing visual information.""}]"
C:\Users\Shreya Dubey\OneDrive\Documents\Projects\visionguard\datasets\smart_city_benchmark\drone\visdrone_144.jpg,Drone Imagery,VisDrone,38,23.29,NOT READY,"[{""type"":""overexposure"",""severity"":""high"",""metric"":""bright_pixel_ratio"",""value"":20.1,""threshold"":10.0,""impact"":""Highlight clipping may reduce reliability of downstream visual analytics."",""confidence"":1.0,""description"":""Bright regions are losing visual information.""}]"
C:\Users\Shreya Dubey\OneDrive\Documents\Projects\visionguard\datasets\smart_city_benchmark\drone\visdrone_145.jpg,Drone Imagery,VisDrone,38,23.29,NOT READY,"[{""type"":""overexposure"",""severity"":""high"",""metric"":""bright_pixel_ratio"",""value"":20.1,""threshold"":10.0,""impact"":""Highlight clipping may reduce reliability of downstream visual analytics."",""confidence"":1.0,""description"":""Bright regions are losing visual information.""}]"
C:\Users\Shreya Dubey\OneDrive\Documents\Projects\visionguard\datasets\smart_city_benchmark\drone\visdrone_146.jpg,Drone Imagery,VisDrone,38,23.29,NOT READY,"[{""type"":""overexposure"",""severity"":""high"",""metric"":""bright_pixel_ratio"",""value"":20.1,""threshold"":10.0,""impact"":""Highlight clipping may reduce reliability of downstream visual analytics."",""confidence"":1.0,""description"":""Bright regions are losing visual information.""}]"
C:\Users\Shreya Dubey\OneDrive\Documents\Projects\visionguard\datasets\smart_city_benchmark\drone\visdrone_147.jpg,Drone Imagery,VisDrone,38,23.29,NOT READY,"[{""type"":""overexposure"",""severity"":""high"",""metric"":""bright_pixel_ratio"",""value"":20.1,""threshold"":10.0,""impact"":""Highlight clipping may reduce reliability of downstream visual analytics."",""confidence"":1.0,""description"":""Bright regions are losing visual information.""}]"
C:\Users\Shreya Dubey\OneDrive\Documents\Projects\visionguard\datasets\smart_city_benchmark\drone\visdrone_148.jpg,Drone Imagery,VisDrone,38,23.29,NOT READY,"[{""type"":""overexposure"",""severity"":""high"",""metric"":""bright_pixel_ratio"",""value"":20.1,""threshold"":10.0,""impact"":""Highlight clipping may reduce reliability of downstream visual analytics."",""confidence"":1.0,""description"":""Bright regions are losing visual information.""}]"
C:\Users\Shreya Dubey\OneDrive\Documents\Projects\visionguard\datasets\smart_city_benchmark\drone\visdrone_149.jpg,Drone Imagery,VisDrone,38,23.29,NOT READY,"[{""type"":""overexposure"",""severity"":""high"",""metric"":""bright_pixel_ratio"",""value"":20.1,""threshold"":10.0,""impact"":""Highlight clipping may reduce reliability of downstream visual analytics."",""confidence"":1.0,""description"":""Bright regions are losing visual information.""}]"
C:\Users\Shreya Dubey\OneDrive\Documents\Projects\visionguard\datasets\smart_city_benchmark\drone\visdrone_150.jpg,Drone Imagery,VisDrone,38,23.29,NOT READY,"[{""type"":""overexposure"",""severity"":""high"",""metric"":""bright_pixel_ratio"",""value"":20.1,""threshold"":10.0,""impact"":""Highlight clipping may reduce reliability of downstream visual analytics."",""confidence"":1.0,""description"":""Bright regions are losing visual information.""}]"
C:\Users\Shreya Dubey\OneDrive\Documents\Projects\visionguard\datasets\smart_city_benchmark\drone\visdrone_151.jpg,Drone Imagery,VisDrone,38,23.29,NOT READY,"[{""type"":""overexposure"",""severity"":""high"",""metric"":""bright_pixel_ratio"",""value"":20.1,""threshold"":10.0,""impact"":""Highlight clipping may reduce reliability of downstream visual analytics."",""confidence"":1.0,""description"":""Bright regions are losing visual information.""}]"
C:\Users\Shreya Dubey\OneDrive\Documents\Projects\visionguard\datasets\smart_city_benchmark\drone\visdrone_152.jpg,Drone Imagery,VisDrone,38,23.29,NOT READY,"[{""type"":""overexposure"",""severity"":""high"",""metric"":""bright_pixel_ratio"",""value"":20.1,""threshold"":10.0,""impact"":""Highlight clipping may reduce reliability of downstream visual analytics."",""confidence"":1.0,""description"":""Bright regions are losing visual information.""}]"
C:\Users\Shreya Dubey\OneDrive\Documents\Projects\visionguard\datasets\smart_city_benchmark\drone\visdrone_153.jpg,Drone Imagery,VisDrone,38,23.29,NOT READY,"[{""type"":""overexposure"",""severity"":""high"",""metric"":""bright_pixel_ratio"",""value"":20.1,""threshold"":10.0,""impact"":""Highlight clipping may reduce reliability of downstream visual analytics."",""confidence"":1.0,""description"":""Bright regions are losing visual information.""}]"
C:\Users\Shreya Dubey\OneDrive\Documents\Projects\visionguard\datasets\smart_city_benchmark\drone\visdrone_154.jpg,Drone Imagery,VisDrone,38,23.29,NOT READY,"[{""type"":""overexposure"",""severity"":""high"",""metric"":""bright_pixel_ratio"",""value"":20.1,""threshold"":10.0,""impact"":""Highlight clipping may reduce reliability of downstream visual analytics."",""confidence"":1.0,""description"":""Bright regions are losing visual information.""}]"
C:\Users\Shreya Dubey\OneDrive\Documents\Projects\visionguard\datasets\smart_city_benchmark\drone\visdrone_155.jpg,Drone Imagery,VisDrone,38,23.29,NOT READY,"[{""type"":""overexposure"",""severity"":""high"",""metric"":""bright_pixel_ratio"",""value"":20.1,""threshold"":10.0,""impact"":""Highlight clipping may reduce reliability of downstream visual analytics."",""confidence"":1.0,""description"":""Bright regions are losing visual information.""}]"
C:\Users\Shreya Dubey\OneDrive\Documents\Projects\visionguard\datasets\smart_city_benchmark\drone\visdrone_156.jpg,Drone Imagery,VisDrone,38,23.29,NOT READY,"[{""type"":""overexposure"",""severity"":""high"",""metric"":""bright_pixel_ratio"",""value"":20.1,""threshold"":10.0,""impact"":""Highlight clipping may reduce reliability of downstream visual analytics."",""confidence"":1.0,""description"":""Bright regions are losing visual information.""}]"
C:\Users\Shreya Dubey\OneDrive\Documents\Projects\visionguard\datasets\smart_city_benchmark\drone\visdrone_157.jpg,Drone Imagery,VisDrone,38,23.29,NOT READY,"[{""type"":""overexposure"",""severity"":""high"",""metric"":""bright_pixel_ratio"",""value"":20.1,""threshold"":10.0,""impact"":""Highlight clipping may reduce reliability of downstream visual analytics."",""confidence"":1.0,""description"":""Bright regions are losing visual information.""}]"
C:\Users\Shreya Dubey\OneDrive\Documents\Projects\visionguard\datasets\smart_city_benchmark\drone\visdrone_158.jpg,Drone Imagery,VisDrone,38,23.29,NOT READY,"[{""type"":""overexposure"",""severity"":""high"",""metric"":""bright_pixel_ratio"",""value"":20.1,""threshold"":10.0,""impact"":""Highlight clipping may reduce reliability of downstream visual analytics."",""confidence"":1.0,""description"":""Bright regions are losing visual information.""}]"
C:\Users\Shreya Dubey\OneDrive\Documents\Projects\visionguard\datasets\smart_city_benchmark\drone\visdrone_159.jpg,Drone Imagery,VisDrone,38,23.29,NOT READY,"[{""type"":""overexposure"",""severity"":""high"",""metric"":""bright_pixel_ratio"",""value"":20.1,""threshold"":10.0,""impact"":""Highlight clipping may reduce reliability of downstream visual analytics."",""confidence"":1.0,""description"":""Bright regions are losing visual information.""}]"
C:\Users\Shreya Dubey\OneDrive\Documents\Projects\visionguard\datasets\smart_city_benchmark\drone\visdrone_160.jpg,Drone Imagery,VisDrone,38,23.29,NOT READY,"[{""type"":""overexposure"",""severity"":""high"",""metric"":""bright_pixel_ratio"",""value"":20.1,""threshold"":10.0,""impact"":""Highlight clipping may reduce reliability of downstream visual analytics."",""confidence"":1.0,""description"":""Bright regions are losing visual information.""}]"
C:\Users\Shreya Dubey\OneDrive\Documents\Projects\visionguard\datasets\smart_city_benchmark\drone\visdrone_161.jpg,Drone Imagery,VisDrone,38,23.29,NOT READY,"[{""type"":""overexposure"",""severity"":""high"",""metric"":""bright_pixel_ratio"",""value"":20.1,""threshold"":10.0,""impact"":""Highlight clipping may reduce reliability of downstream visual analytics."",""confidence"":1.0,""description"":""Bright regions are losing visual information.""}]"
C:\Users\Shreya Dubey\OneDrive\Documents\Projects\visionguard\datasets\smart_city_benchmark\drone\visdrone_162.jpg,Drone Imagery,VisDrone,38,23.29,NOT READY,"[{""type"":""overexposure"",""severity"":""high"",""metric"":""bright_pixel_ratio"",""value"":20.1,""threshold"":10.0,""impact"":""Highlight clipping may reduce reliability of downstream visual analytics."",""confidence"":1.0,""description"":""Bright regions are losing visual information.""}]"
C:\Users\Shreya Dubey\OneDrive\Documents\Projects\visionguard\datasets\smart_city_benchmark\drone\visdrone_163.jpg,Drone Imagery,VisDrone,38,23.29,NOT READY,"[{""type"":""overexposure"",""severity"":""high"",""metric"":""bright_pixel_ratio"",""value"":20.1,""threshold"":10.0,""impact"":""Highlight clipping may reduce reliability of downstream visual analytics."",""confidence"":1.0,""description"":""Bright regions are losing visual information.""}]"
C:\Users\Shreya Dubey\OneDrive\Documents\Projects\visionguard\datasets\smart_city_benchmark\drone\visdrone_164.jpg,Drone Imagery,VisDrone,38,23.29,NOT READY,"[{""type"":""overexposure"",""severity"":""high"",""metric"":""bright_pixel_ratio"",""value"":20.1,""threshold"":10.0,""impact"":""Highlight clipping may reduce reliability of downstream visual analytics."",""confidence"":1.0,""description"":""Bright regions are losing visual information.""}]"
C:\Users\Shreya Dubey\OneDrive\Documents\Projects\visionguard\datasets\smart_city_benchmark\drone\visdrone_165.jpg,Drone Imagery,VisDrone,38,23.29,NOT READY,"[{""type"":""overexposure"",""severity"":""high"",""metric"":""bright_pixel_ratio"",""value"":20.1,""threshold"":10.0,""impact"":""Highlight clipping may reduce reliability of downstream visual analytics."",""confidence"":1.0,""description"":""Bright regions are losing visual information.""}]"
C:\Users\Shreya Dubey\OneDrive\Documents\Projects\visionguard\datasets\smart_city_benchmark\drone\visdrone_166.jpg,Drone Imagery,VisDrone,38,23.29,NOT READY,"[{""type"":""overexposure"",""severity"":""high"",""metric"":""bright_pixel_ratio"",""value"":20.1,""threshold"":10.0,""impact"":""Highlight clipping may reduce reliability of downstream visual analytics."",""confidence"":1.0,""description"":""Bright regions are losing visual information.""}]"
C:\Users\Shreya Dubey\OneDrive\Documents\Projects\visionguard\datasets\smart_city_benchmark\drone\visdrone_167.jpg,Drone Imagery,VisDrone,38,23.29,NOT READY,"[{""type"":""overexposure"",""severity"":""high"",""metric"":""bright_pixel_ratio"",""value"":20.1,""threshold"":10.0,""impact"":""Highlight clipping may reduce reliability of downstream visual analytics."",""confidence"":1.0,""description"":""Bright regions are losing visual information.""}]"
C:\Users\Shreya Dubey\OneDrive\Documents\Projects\visionguard\datasets\smart_city_benchmark\drone\visdrone_168.jpg,Drone Imagery,VisDrone,38,23.29,NOT READY,"[{""type"":""overexposure"",""severity"":""high"",""metric"":""bright_pixel_ratio"",""value"":20.1,""threshold"":10.0,""impact"":""Highlight clipping may reduce reliability of downstream visual analytics."",""confidence"":1.0,""description"":""Bright regions are losing visual information.""}]"
C:\Users\Shreya Dubey\OneDrive\Documents\Projects\visionguard\datasets\smart_city_benchmark\drone\visdrone_169.jpg,Drone Imagery,VisDrone,38,23.29,NOT READY,"[{""type"":""overexposure"",""severity"":""high"",""metric"":""bright_pixel_ratio"",""value"":20.1,""threshold"":10.0,""impact"":""Highlight clipping may reduce reliability of downstream visual analytics."",""confidence"":1.0,""description"":""Bright regions are losing visual information.""}]"
C:\Users\Shreya Dubey\OneDrive\Documents\Projects\visionguard\datasets\smart_city_benchmark\drone\visdrone_170.jpg,Drone Imagery,VisDrone,38,23.29,NOT READY,"[{""type"":""overexposure"",""severity"":""high"",""metric"":""bright_pixel_ratio"",""value"":20.1,""threshold"":10.0,""impact"":""Highlight clipping may reduce reliability of downstream visual analytics."",""confidence"":1.0,""description"":""Bright regions are losing visual information.""}]"
C:\Users\Shreya Dubey\OneDrive\Documents\Projects\visionguard\datasets\smart_city_benchmark\drone\visdrone_171.jpg,Drone Imagery,VisDrone,38,23.29,NOT READY,"[{""type"":""overexposure"",""severity"":""high"",""metric"":""bright_pixel_ratio"",""value"":20.1,""threshold"":10.0,""impact"":""Highlight clipping may reduce reliability of downstream visual analytics."",""confidence"":1.0,""description"":""Bright regions are losing visual information.""}]"
C:\Users\Shreya Dubey\OneDrive\Documents\Projects\visionguard\datasets\smart_city_benchmark\drone\visdrone_172.jpg,Drone Imagery,VisDrone,38,23.29,NOT READY,"[{""type"":""overexposure"",""severity"":""high"",""metric"":""bright_pixel_ratio"",""value"":20.1,""threshold"":10.0,""impact"":""Highlight clipping may reduce reliability of downstream visual analytics."",""confidence"":1.0,""description"":""Bright regions are losing visual information.""}]"
C:\Users\Shreya Dubey\OneDrive\Documents\Projects\visionguard\datasets\smart_city_benchmark\drone\visdrone_173.jpg,Drone Imagery,VisDrone,38,23.29,NOT READY,"[{""type"":""overexposure"",""severity"":""high"",""metric"":""bright_pixel_ratio"",""value"":20.1,""threshold"":10.0,""impact"":""Highlight clipping may reduce reliability of downstream visual analytics."",""confidence"":1.0,""description"":""Bright regions are losing visual information.""}]"
C:\Users\Shreya Dubey\OneDrive\Documents\Projects\visionguard\datasets\smart_city_benchmark\drone\visdrone_174.jpg,Drone Imagery,VisDrone,38,23.29,NOT READY,"[{""type"":""overexposure"",""severity"":""high"",""metric"":""bright_pixel_ratio"",""value"":20.1,""threshold"":10.0,""impact"":""Highlight clipping may reduce reliability of downstream visual analytics."",""confidence"":1.0,""description"":""Bright regions are losing visual information.""}]"
C:\Users\Shreya Dubey\OneDrive\Documents\Projects\visionguard\datasets\smart_city_benchmark\drone\visdrone_175.jpg,Drone Imagery,VisDrone,38,23.29,NOT READY,"[{""type"":""overexposure"",""severity"":""high"",""metric"":""bright_pixel_ratio"",""value"":20.1,""threshold"":10.0,""impact"":""Highlight clipping may reduce reliability of downstream visual analytics."",""confidence"":1.0,""description"":""Bright regions are losing visual information.""}]"
C:\Users\Shreya Dubey\OneDrive\Documents\Projects\visionguard\datasets\smart_city_benchmark\drone\visdrone_176.jpg,Drone Imagery,VisDrone,38,23.29,NOT READY,"[{""type"":""overexposure"",""severity"":""high"",""metric"":""bright_pixel_ratio"",""value"":20.1,""threshold"":10.0,""impact"":""Highlight clipping may reduce reliability of downstream visual analytics."",""confidence"":1.0,""description"":""Bright regions are losing visual information.""}]"
C:\Users\Shreya Dubey\OneDrive\Documents\Projects\visionguard\datasets\smart_city_benchmark\drone\visdrone_177.jpg,Drone Imagery,VisDrone,38,23.29,NOT READY,"[{""type"":""overexposure"",""severity"":""high"",""metric"":""bright_pixel_ratio"",""value"":20.1,""threshold"":10.0,""impact"":""Highlight clipping may reduce reliability of downstream visual analytics."",""confidence"":1.0,""description"":""Bright regions are losing visual information.""}]"
C:\Users\Shreya Dubey\OneDrive\Documents\Projects\visionguard\datasets\smart_city_benchmark\drone\visdrone_178.jpg,Drone Imagery,VisDrone,38,23.29,NOT READY,"[{""type"":""overexposure"",""severity"":""high"",""metric"":""bright_pixel_ratio"",""value"":20.1,""threshold"":10.0,""impact"":""Highlight clipping may reduce reliability of downstream visual analytics."",""confidence"":1.0,""description"":""Bright regions are losing visual information.""}]"
C:\Users\Shreya Dubey\OneDrive\Documents\Projects\visionguard\datasets\smart_city_benchmark\drone\visdrone_179.jpg,Drone Imagery,VisDrone,38,23.29,NOT READY,"[{""type"":""overexposure"",""severity"":""high"",""metric"":""bright_pixel_ratio"",""value"":20.1,""threshold"":10.0,""impact"":""Highlight clipping may reduce reliability of downstream visual analytics."",""confidence"":1.0,""description"":""Bright regions are losing visual information.""}]"
C:\Users\Shreya Dubey\OneDrive\Documents\Projects\visionguard\datasets\smart_city_benchmark\drone\visdrone_180.jpg,Drone Imagery,VisDrone,38,23.29,NOT READY,"[{""type"":""overexposure"",""severity"":""high"",""metric"":""bright_pixel_ratio"",""value"":20.1,""threshold"":10.0,""impact"":""Highlight clipping may reduce reliability of downstream visual analytics."",""confidence"":1.0,""description"":""Bright regions are losing visual information.""}]"
C:\Users\Shreya Dubey\OneDrive\Documents\Projects\visionguard\datasets\smart_city_benchmark\drone\visdrone_181.jpg,Drone Imagery,VisDrone,38,23.29,NOT READY,"[{""type"":""overexposure"",""severity"":""high"",""metric"":""bright_pixel_ratio"",""value"":20.1,""threshold"":10.0,""impact"":""Highlight clipping may reduce reliability of downstream visual analytics."",""confidence"":1.0,""description"":""Bright regions are losing visual information.""}]"
C:\Users\Shreya Dubey\OneDrive\Documents\Projects\visionguard\datasets\smart_city_benchmark\drone\visdrone_182.jpg,Drone Imagery,VisDrone,38,23.29,NOT READY,"[{""type"":""overexposure"",""severity"":""high"",""metric"":""bright_pixel_ratio"",""value"":20.1,""threshold"":10.0,""impact"":""Highlight clipping may reduce reliability of downstream visual analytics."",""confidence"":1.0,""description"":""Bright regions are losing visual information.""}]"
C:\Users\Shreya Dubey\OneDrive\Documents\Projects\visionguard\datasets\smart_city_benchmark\drone\visdrone_183.jpg,Drone Imagery,VisDrone,38,23.29,NOT READY,"[{""type"":""overexposure"",""severity"":""high"",""metric"":""bright_pixel_ratio"",""value"":20.1,""threshold"":10.0,""impact"":""Highlight clipping may reduce reliability of downstream visual analytics."",""confidence"":1.0,""description"":""Bright regions are losing visual information.""}]"
C:\Users\Shreya Dubey\OneDrive\Documents\Projects\visionguard\datasets\smart_city_benchmark\drone\visdrone_184.jpg,Drone Imagery,VisDrone,38,23.29,NOT READY,"[{""type"":""overexposure"",""severity"":""high"",""metric"":""bright_pixel_ratio"",""value"":20.1,""threshold"":10.0,""impact"":""Highlight clipping may reduce reliability of downstream visual analytics."",""confidence"":1.0,""description"":""Bright regions are losing visual information.""}]"
C:\Users\Shreya Dubey\OneDrive\Documents\Projects\visionguard\datasets\smart_city_benchmark\drone\visdrone_185.jpg,Drone Imagery,VisDrone,38,23.29,NOT READY,"[{""type"":""overexposure"",""severity"":""high"",""metric"":""bright_pixel_ratio"",""value"":20.1,""threshold"":10.0,""impact"":""Highlight clipping may reduce reliability of downstream visual analytics."",""confidence"":1.0,""description"":""Bright regions are losing visual information.""}]"
C:\Users\Shreya Dubey\OneDrive\Documents\Projects\visionguard\datasets\smart_city_benchmark\drone\visdrone_186.jpg,Drone Imagery,VisDrone,38,23.29,NOT READY,"[{""type"":""overexposure"",""severity"":""high"",""metric"":""bright_pixel_ratio"",""value"":20.1,""threshold"":10.0,""impact"":""Highlight clipping may reduce reliability of downstream visual analytics."",""confidence"":1.0,""description"":""Bright regions are losing visual information.""}]"
C:\Users\Shreya Dubey\OneDrive\Documents\Projects\visionguard\datasets\smart_city_benchmark\drone\visdrone_187.jpg,Drone Imagery,VisDrone,38,23.29,NOT READY,"[{""type"":""overexposure"",""severity"":""high"",""metric"":""bright_pixel_ratio"",""value"":20.1,""threshold"":10.0,""impact"":""Highlight clipping may reduce reliability of downstream visual analytics."",""confidence"":1.0,""description"":""Bright regions are losing visual information.""}]"
C:\Users\Shreya Dubey\OneDrive\Documents\Projects\visionguard\datasets\smart_city_benchmark\drone\visdrone_188.jpg,Drone Imagery,VisDrone,38,23.29,NOT READY,"[{""type"":""overexposure"",""severity"":""high"",""metric"":""bright_pixel_ratio"",""value"":20.1,""threshold"":10.0,""impact"":""Highlight clipping may reduce reliability of downstream visual analytics."",""confidence"":1.0,""description"":""Bright regions are losing visual information.""}]"
C:\Users\Shreya Dubey\OneDrive\Documents\Projects\visionguard\datasets\smart_city_benchmark\drone\visdrone_189.jpg,Drone Imagery,VisDrone,38,23.29,NOT READY,"[{""type"":""overexposure"",""severity"":""high"",""metric"":""bright_pixel_ratio"",""value"":20.1,""threshold"":10.0,""impact"":""Highlight clipping may reduce reliability of downstream visual analytics."",""confidence"":1.0,""description"":""Bright regions are losing visual information.""}]"
C:\Users\Shreya Dubey\OneDrive\Documents\Projects\visionguard\datasets\smart_city_benchmark\drone\visdrone_190.jpg,Drone Imagery,VisDrone,38,23.29,NOT READY,"[{""type"":""overexposure"",""severity"":""high"",""metric"":""bright_pixel_ratio"",""value"":20.1,""threshold"":10.0,""impact"":""Highlight clipping may reduce reliability of downstream visual analytics."",""confidence"":1.0,""description"":""Bright regions are losing visual information.""}]"
C:\Users\Shreya Dubey\OneDrive\Documents\Projects\visionguard\datasets\smart_city_benchmark\drone\visdrone_191.jpg,Drone Imagery,VisDrone,38,23.29,NOT READY,"[{""type"":""overexposure"",""severity"":""high"",""metric"":""bright_pixel_ratio"",""value"":20.1,""threshold"":10.0,""impact"":""Highlight clipping may reduce reliability of downstream visual analytics."",""confidence"":1.0,""description"":""Bright regions are losing visual information.""}]"
C:\Users\Shreya Dubey\OneDrive\Documents\Projects\visionguard\datasets\smart_city_benchmark\drone\visdrone_192.jpg,Drone Imagery,VisDrone,38,23.29,NOT READY,"[{""type"":""overexposure"",""severity"":""high"",""metric"":""bright_pixel_ratio"",""value"":20.1,""threshold"":10.0,""impact"":""Highlight clipping may reduce reliability of downstream visual analytics."",""confidence"":1.0,""description"":""Bright regions are losing visual information.""}]"
C:\Users\Shreya Dubey\OneDrive\Documents\Projects\visionguard\datasets\smart_city_benchmark\drone\visdrone_193.jpg,Drone Imagery,VisDrone,38,23.29,NOT READY,"[{""type"":""overexposure"",""severity"":""high"",""metric"":""bright_pixel_ratio"",""value"":20.1,""threshold"":10.0,""impact"":""Highlight clipping may reduce reliability of downstream visual analytics."",""confidence"":1.0,""description"":""Bright regions are losing visual information.""}]"
C:\Users\Shreya Dubey\OneDrive\Documents\Projects\visionguard\datasets\smart_city_benchmark\drone\visdrone_194.jpg,Drone Imagery,VisDrone,38,23.29,NOT READY,"[{""type"":""overexposure"",""severity"":""high"",""metric"":""bright_pixel_ratio"",""value"":20.1,""threshold"":10.0,""impact"":""Highlight clipping may reduce reliability of downstream visual analytics."",""confidence"":1.0,""description"":""Bright regions are losing visual information.""}]"
C:\Users\Shreya Dubey\OneDrive\Documents\Projects\visionguard\datasets\smart_city_benchmark\drone\visdrone_195.jpg,Drone Imagery,VisDrone,38,23.29,NOT READY,"[{""type"":""overexposure"",""severity"":""high"",""metric"":""bright_pixel_ratio"",""value"":20.1,""threshold"":10.0,""impact"":""Highlight clipping may reduce reliability of downstream visual analytics."",""confidence"":1.0,""description"":""Bright regions are losing visual information.""}]"
C:\Users\Shreya Dubey\OneDrive\Documents\Projects\visionguard\datasets\smart_city_benchmark\drone\visdrone_196.jpg,Drone Imagery,VisDrone,38,23.29,NOT READY,"[{""type"":""overexposure"",""severity"":""high"",""metric"":""bright_pixel_ratio"",""value"":20.1,""threshold"":10.0,""impact"":""Highlight clipping may reduce reliability of downstream visual analytics."",""confidence"":1.0,""description"":""Bright regions are losing visual information.""}]"
C:\Users\Shreya Dubey\OneDrive\Documents\Projects\visionguard\datasets\smart_city_benchmark\drone\visdrone_197.jpg,Drone Imagery,VisDrone,38,23.29,NOT READY,"[{""type"":""overexposure"",""severity"":""high"",""metric"":""bright_pixel_ratio"",""value"":20.1,""threshold"":10.0,""impact"":""Highlight clipping may reduce reliability of downstream visual analytics."",""confidence"":1.0,""description"":""Bright regions are losing visual information.""}]"
C:\Users\Shreya Dubey\OneDrive\Documents\Projects\visionguard\datasets\smart_city_benchmark\drone\visdrone_198.jpg,Drone Imagery,VisDrone,38,23.29,NOT READY,"[{""type"":""overexposure"",""severity"":""high"",""metric"":""bright_pixel_ratio"",""value"":20.1,""threshold"":10.0,""impact"":""Highlight clipping may reduce reliability of downstream visual analytics."",""confidence"":1.0,""description"":""Bright regions are losing visual information.""}]"
C:\Users\Shreya Dubey\OneDrive\Documents\Projects\visionguard\datasets\smart_city_benchmark\drone\visdrone_199.jpg,Drone Imagery,VisDrone,38,23.29,NOT READY,"[{""type"":""overexposure"",""severity"":""high"",""metric"":""bright_pixel_ratio"",""value"":20.1,""threshold"":10.0,""impact"":""Highlight clipping may reduce reliability of downstream visual analytics."",""confidence"":1.0,""description"":""Bright regions are losing visual information.""}]"
C:\Users\Shreya Dubey\OneDrive\Documents\Projects\visionguard\datasets\smart_city_benchmark\drone\visdrone_200.jpg,Drone Imagery,VisDrone,38,23.29,NOT READY,"[{""type"":""overexposure"",""severity"":""high"",""metric"":""bright_pixel_ratio"",""value"":20.1,""threshold"":10.0,""impact"":""Highlight clipping may reduce reliability of downstream visual analytics."",""confidence"":1.0,""description"":""Bright regions are losing visual information.""}]"
C:\Users\Shreya Dubey\OneDrive\Documents\Projects\visionguard\datasets\smart_city_benchmark\infrastructure\images\infra_001.jpg,Infrastructure Inspection,RoadDefects-ISeg,68,43.11,LIMITED READINESS,"[{""type"":""image_noise"",""severity"":""critical"",""metric"":""noise_estimate"",""value"":62.27,""threshold"":35.0,""impact"":""Severe noise may obscure object boundaries and significantly reduce downstream analytics reliability."",""confidence"":1.0,""description"":""Image noise is critically high.""}]"
C:\Users\Shreya Dubey\OneDrive\Documents\Projects\visionguard\datasets\smart_city_benchmark\infrastructure\images\infra_002.jpg,Infrastructure Inspection,RoadDefects-ISeg,62,37.5,NOT READY,"[{""type"":""image_noise"",""severity"":""critical"",""metric"":""noise_estimate"",""value"":62.27,""threshold"":35.0,""impact"":""Severe noise may obscure object boundaries and significantly reduce downstream analytics reliability."",""confidence"":1.0,""description"":""Image noise is critically high.""}]"
C:\Users\Shreya Dubey\OneDrive\Documents\Projects\visionguard\datasets\smart_city_benchmark\infrastructure\images\infra_003.jpg,Infrastructure Inspection,RoadDefects-ISeg,62,37.49,NOT READY,"[{""type"":""image_noise"",""severity"":""critical"",""metric"":""noise_estimate"",""value"":69.68,""threshold"":35.0,""impact"":""Severe noise may obscure object boundaries and significantly reduce downstream analytics reliability."",""confidence"":1.0,""description"":""Image noise is critically high.""}]"
C:\Users\Shreya Dubey\OneDrive\Documents\Projects\visionguard\datasets\smart_city_benchmark\infrastructure\images\infra_004.jpg,Infrastructure Inspection,RoadDefects-ISeg,58,32.6,NOT READY,"[{""type"":""image_noise"",""severity"":""critical"",""metric"":""noise_estimate"",""value"":75.61,""threshold"":35.0,""impact"":""Severe noise may obscure object boundaries and significantly reduce downstream analytics reliability."",""confidence"":1.0,""description"":""Image noise is critically high.""}]"
C:\Users\Shreya Dubey\OneDrive\Documents\Projects\visionguard\datasets\smart_city_benchmark\infrastructure\images\infra_005.jpg,Infrastructure Inspection,RoadDefects-ISeg,57,32.43,NOT READY,"[{""type"":""image_noise"",""severity"":""critical"",""metric"":""noise_estimate"",""value"":74.13,""threshold"":35.0,""impact"":""Severe noise may obscure object boundaries and significantly reduce downstream analytics reliability."",""confidence"":1.0,""description"":""Image noise is critically high.""}]"
C:\Users\Shreya Dubey\OneDrive\Documents\Projects\visionguard\datasets\smart_city_benchmark\infrastructure\images\infra_006.jpg,Infrastructure Inspection,RoadDefects-ISeg,58,33.23,NOT READY,"[{""type"":""image_noise"",""severity"":""critical"",""metric"":""noise_estimate"",""value"":65.23,""threshold"":35.0,""impact"":""Severe noise may obscure object boundaries and significantly reduce downstream analytics reliability."",""confidence"":1.0,""description"":""Image noise is critically high.""}]"
C:\Users\Shreya Dubey\OneDrive\Documents\Projects\visionguard\datasets\smart_city_benchmark\infrastructure\images\infra_007.jpg,Infrastructure Inspection,RoadDefects-ISeg,58,33.23,NOT READY,"[{""type"":""image_noise"",""severity"":""critical"",""metric"":""noise_estimate"",""value"":66.72,""threshold"":35.0,""impact"":""Severe noise may obscure object boundaries and significantly reduce downstream analytics reliability."",""confidence"":1.0,""description"":""Image noise is critically high.""}]"
C:\Users\Shreya Dubey\OneDrive\Documents\Projects\visionguard\datasets\smart_city_benchmark\infrastructure\images\infra_008.jpg,Infrastructure Inspection,RoadDefects-ISeg,51,26.39,NOT READY,"[{""type"":""image_noise"",""severity"":""critical"",""metric"":""noise_estimate"",""value"":65.23,""threshold"":35.0,""impact"":""Severe noise may obscure object boundaries and significantly reduce downstream analytics reliability."",""confidence"":1.0,""description"":""Image noise is critically high.""}]"
C:\Users\Shreya Dubey\OneDrive\Documents\Projects\visionguard\datasets\smart_city_benchmark\infrastructure\images\infra_009.jpg,Infrastructure Inspection,RoadDefects-ISeg,57,17.43,CRITICAL / REJECT,"[{""type"":""overexposure"",""severity"":""high"",""metric"":""bright_pixel_ratio"",""value"":10.08,""threshold"":10.0,""impact"":""Highlight clipping may reduce reliability of downstream visual analytics."",""confidence"":1.0,""description"":""Bright regions are losing visual information.""},{""type"":""image_noise"",""severity"":""critical"",""metric"":""noise_estimate"",""value"":65.23,""threshold"":35.0,""impact"":""Severe noise may obscure object boundaries and significantly reduce downstream analytics reliability."",""confidence"":1.0,""description"":""Image noise is critically high.""}]"
C:\Users\Shreya Dubey\OneDrive\Documents\Projects\visionguard\datasets\smart_city_benchmark\infrastructure\images\infra_010.jpg,Infrastructure Inspection,RoadDefects-ISeg,57,17.43,CRITICAL / REJECT,"[{""type"":""overexposure"",""severity"":""high"",""metric"":""bright_pixel_ratio"",""value"":10.72,""threshold"":10.0,""impact"":""Highlight clipping may reduce reliability of downstream visual analytics."",""confidence"":1.0,""description"":""Bright regions are losing visual information.""},{""type"":""image_noise"",""severity"":""critical"",""metric"":""noise_estimate"",""value"":66.72,""threshold"":35.0,""impact"":""Severe noise may obscure object boundaries and significantly reduce downstream analytics reliability."",""confidence"":1.0,""description"":""Image noise is critically high.""}]"
C:\Users\Shreya Dubey\OneDrive\Documents\Projects\visionguard\datasets\smart_city_benchmark\infrastructure\images\infra_011.jpg,Infrastructure Inspection,RoadDefects-ISeg,59,34.32,NOT READY,"[{""type"":""image_noise"",""severity"":""critical"",""metric"":""noise_estimate"",""value"":68.2,""threshold"":35.0,""impact"":""Severe noise may obscure object boundaries and significantly reduce downstream analytics reliability."",""confidence"":1.0,""description"":""Image noise is critically high.""}]"
C:\Users\Shreya Dubey\OneDrive\Documents\Projects\visionguard\datasets\smart_city_benchmark\infrastructure\images\infra_012.jpg,Infrastructure Inspection,RoadDefects-ISeg,62,37.49,NOT READY,"[{""type"":""image_noise"",""severity"":""critical"",""metric"":""noise_estimate"",""value"":66.72,""threshold"":35.0,""impact"":""Severe noise may obscure object boundaries and significantly reduce downstream analytics reliability."",""confidence"":1.0,""description"":""Image noise is critically high.""}]"
C:\Users\Shreya Dubey\OneDrive\Documents\Projects\visionguard\datasets\smart_city_benchmark\infrastructure\images\infra_013.jpg,Infrastructure Inspection,RoadDefects-ISeg,58,33.23,NOT READY,"[{""type"":""image_noise"",""severity"":""critical"",""metric"":""noise_estimate"",""value"":66.72,""threshold"":35.0,""impact"":""Severe noise may obscure object boundaries and significantly reduce downstream analytics reliability."",""confidence"":1.0,""description"":""Image noise is critically high.""}]"
C:\Users\Shreya Dubey\OneDrive\Documents\Projects\visionguard\datasets\smart_city_benchmark\infrastructure\images\infra_014.jpg,Infrastructure Inspection,RoadDefects-ISeg,58,33.23,NOT READY,"[{""type"":""image_noise"",""severity"":""critical"",""metric"":""noise_estimate"",""value"":66.72,""threshold"":35.0,""impact"":""Severe noise may obscure object boundaries and significantly reduce downstream analytics reliability."",""confidence"":1.0,""description"":""Image noise is critically high.""}]"
C:\Users\Shreya Dubey\OneDrive\Documents\Projects\visionguard\datasets\smart_city_benchmark\infrastructure\images\infra_015.jpg,Infrastructure Inspection,RoadDefects-ISeg,58,18.23,CRITICAL / REJECT,"[{""type"":""overexposure"",""severity"":""high"",""metric"":""bright_pixel_ratio"",""value"":10.65,""threshold"":10.0,""impact"":""Highlight clipping may reduce reliability of downstream visual analytics."",""confidence"":1.0,""description"":""Bright regions are losing visual information.""},{""type"":""image_noise"",""severity"":""critical"",""metric"":""noise_estimate"",""value"":68.2,""threshold"":35.0,""impact"":""Severe noise may obscure object boundaries and significantly reduce downstream analytics reliability."",""confidence"":1.0,""description"":""Image noise is critically high.""}]"
C:\Users\Shreya Dubey\OneDrive\Documents\Projects\visionguard\datasets\smart_city_benchmark\infrastructure\images\infra_016.jpg,Infrastructure Inspection,RoadDefects-ISeg,57,17.43,CRITICAL / REJECT,"[{""type"":""overexposure"",""severity"":""high"",""metric"":""bright_pixel_ratio"",""value"":11.83,""threshold"":10.0,""impact"":""Highlight clipping may reduce reliability of downstream visual analytics."",""confidence"":1.0,""description"":""Bright regions are losing visual information.""},{""type"":""image_noise"",""severity"":""critical"",""metric"":""noise_estimate"",""value"":66.72,""threshold"":35.0,""impact"":""Severe noise may obscure object boundaries and significantly reduce downstream analytics reliability."",""confidence"":1.0,""description"":""Image noise is critically high.""},{""type"":""low_color_information"",""severity"":""low"",""metric"":""saturation"",""value"":0.0,""threshold"":15.0,""impact"":""Limited colour information may reduce the usefulness of colour-based downstream analytics."",""confidence"":0.8,""description"":""The image is significantly desaturated.""}]"
C:\Users\Shreya Dubey\OneDrive\Documents\Projects\visionguard\datasets\smart_city_benchmark\infrastructure\images\infra_017.jpg,Infrastructure Inspection,RoadDefects-ISeg,47,6.69,CRITICAL / REJECT,"[{""type"":""overexposure"",""severity"":""high"",""metric"":""bright_pixel_ratio"",""value"":10.27,""threshold"":10.0,""impact"":""Highlight clipping may reduce reliability of downstream visual analytics."",""confidence"":1.0,""description"":""Bright regions are losing visual information.""},{""type"":""image_noise"",""severity"":""critical"",""metric"":""noise_estimate"",""value"":68.2,""threshold"":35.0,""impact"":""Severe noise may obscure object boundaries and significantly reduce downstream analytics reliability."",""confidence"":1.0,""description"":""Image noise is critically high.""}]"
C:\Users\Shreya Dubey\OneDrive\Documents\Projects\visionguard\datasets\smart_city_benchmark\infrastructure\images\infra_018.jpg,Infrastructure Inspection,RoadDefects-ISeg,51,11.39,CRITICAL / REJECT,"[{""type"":""overexposure"",""severity"":""high"",""metric"":""bright_pixel_ratio"",""value"":14.75,""threshold"":10.0,""impact"":""Highlight clipping may reduce reliability of downstream visual analytics."",""confidence"":1.0,""description"":""Bright regions are losing visual information.""},{""type"":""image_noise"",""severity"":""critical"",""metric"":""noise_estimate"",""value"":66.72,""threshold"":35.0,""impact"":""Severe noise may obscure object boundaries and significantly reduce downstream analytics reliability."",""confidence"":1.0,""description"":""Image noise is critically high.""}]"
C:\Users\Shreya Dubey\OneDrive\Documents\Projects\visionguard\datasets\smart_city_benchmark\infrastructure\images\infra_019.jpg,Infrastructure Inspection,RoadDefects-ISeg,58,18.23,CRITICAL / REJECT,"[{""type"":""overexposure"",""severity"":""high"",""metric"":""bright_pixel_ratio"",""value"":17.55,""threshold"":10.0,""impact"":""Highlight clipping may reduce reliability of downstream visual analytics."",""confidence"":1.0,""description"":""Bright regions are losing visual information.""},{""type"":""image_noise"",""severity"":""critical"",""metric"":""noise_estimate"",""value"":66.72,""threshold"":35.0,""impact"":""Severe noise may obscure object boundaries and significantly reduce downstream analytics reliability."",""confidence"":1.0,""description"":""Image noise is critically high.""}]"
C:\Users\Shreya Dubey\OneDrive\Documents\Projects\visionguard\datasets\smart_city_benchmark\infrastructure\images\infra_020.jpg,Infrastructure Inspection,RoadDefects-ISeg,70,29.86,NOT READY,"[{""type"":""overexposure"",""severity"":""high"",""metric"":""bright_pixel_ratio"",""value"":14.37,""threshold"":10.0,""impact"":""Highlight clipping may reduce reliability of downstream visual analytics."",""confidence"":1.0,""description"":""Bright regions are losing visual information.""},{""type"":""image_noise"",""severity"":""critical"",""metric"":""noise_estimate"",""value"":65.23,""threshold"":35.0,""impact"":""Severe noise may obscure object boundaries and significantly reduce downstream analytics reliability."",""confidence"":1.0,""description"":""Image noise is critically high.""}]"
C:\Users\Shreya Dubey\OneDrive\Documents\Projects\visionguard\datasets\smart_city_benchmark\infrastructure\images\infra_021.jpg,Infrastructure Inspection,RoadDefects-ISeg,70,29.86,NOT READY,"[{""type"":""overexposure"",""severity"":""high"",""metric"":""bright_pixel_ratio"",""value"":14.47,""threshold"":10.0,""impact"":""Highlight clipping may reduce reliability of downstream visual analytics."",""confidence"":1.0,""description"":""Bright regions are losing visual information.""},{""type"":""image_noise"",""severity"":""critical"",""metric"":""noise_estimate"",""value"":65.23,""threshold"":35.0,""impact"":""Severe noise may obscure object boundaries and significantly reduce downstream analytics reliability."",""confidence"":1.0,""description"":""Image noise is critically high.""}]"
C:\Users\Shreya Dubey\OneDrive\Documents\Projects\visionguard\datasets\smart_city_benchmark\infrastructure\images\infra_022.jpg,Infrastructure Inspection,RoadDefects-ISeg,46,5.89,CRITICAL / REJECT,"[{""type"":""overexposure"",""severity"":""high"",""metric"":""bright_pixel_ratio"",""value"":11.24,""threshold"":10.0,""impact"":""Highlight clipping may reduce reliability of downstream visual analytics."",""confidence"":1.0,""description"":""Bright regions are losing visual information.""},{""type"":""image_noise"",""severity"":""critical"",""metric"":""noise_estimate"",""value"":77.1,""threshold"":35.0,""impact"":""Severe noise may obscure object boundaries and significantly reduce downstream analytics reliability."",""confidence"":1.0,""description"":""Image noise is critically high.""}]"
C:\Users\Shreya Dubey\OneDrive\Documents\Projects\visionguard\datasets\smart_city_benchmark\infrastructure\images\infra_023.jpg,Infrastructure Inspection,RoadDefects-ISeg,57,17.43,CRITICAL / REJECT,"[{""type"":""overexposure"",""severity"":""high"",""metric"":""bright_pixel_ratio"",""value"":13.43,""threshold"":10.0,""impact"":""Highlight clipping may reduce reliability of downstream visual analytics."",""confidence"":1.0,""description"":""Bright regions are losing visual information.""},{""type"":""image_noise"",""severity"":""critical"",""metric"":""noise_estimate"",""value"":68.2,""threshold"":35.0,""impact"":""Severe noise may obscure object boundaries and significantly reduce downstream analytics reliability."",""confidence"":1.0,""description"":""Image noise is critically high.""}]"
C:\Users\Shreya Dubey\OneDrive\Documents\Projects\visionguard\datasets\smart_city_benchmark\infrastructure\images\infra_024.jpg,Infrastructure Inspection,RoadDefects-ISeg,57,17.46,CRITICAL / REJECT,"[{""type"":""overexposure"",""severity"":""high"",""metric"":""bright_pixel_ratio"",""value"":10.12,""threshold"":10.0,""impact"":""Highlight clipping may reduce reliability of downstream visual analytics."",""confidence"":1.0,""description"":""Bright regions are losing visual information.""},{""type"":""image_noise"",""severity"":""critical"",""metric"":""noise_estimate"",""value"":78.58,""threshold"":35.0,""impact"":""Severe noise may obscure object boundaries and significantly reduce downstream analytics reliability."",""confidence"":1.0,""description"":""Image noise is critically high.""}]"
C:\Users\Shreya Dubey\OneDrive\Documents\Projects\visionguard\datasets\smart_city_benchmark\infrastructure\images\infra_025.jpg,Infrastructure Inspection,RoadDefects-ISeg,58,18.23,CRITICAL / REJECT,"[{""type"":""overexposure"",""severity"":""critical"",""metric"":""bright_pixel_ratio"",""value"":31.26,""threshold"":30.0,""impact"":""Clipped highlights may hide important visual details in vehicles, road surfaces, signs, and bright regions."",""confidence"":1.0,""description"":""A large portion of the image contains clipped bright pixels.""},{""type"":""image_noise"",""severity"":""high"",""metric"":""noise_estimate"",""value"":19.27,""threshold"":15.0,""impact"":""Noise may interfere with object boundaries and fine details."",""confidence"":1.0,""description"":""Image contains elevated noise.""}]"
C:\Users\Shreya Dubey\OneDrive\Documents\Projects\visionguard\datasets\smart_city_benchmark\infrastructure\images\infra_026.jpg,Infrastructure Inspection,RoadDefects-ISeg,34,9.41,CRITICAL / REJECT,"[{""type"":""image_noise"",""severity"":""critical"",""metric"":""noise_estimate"",""value"":57.82,""threshold"":35.0,""impact"":""Severe noise may obscure object boundaries and significantly reduce downstream analytics reliability."",""confidence"":1.0,""description"":""Image noise is critically high.""},{""type"":""low_color_information"",""severity"":""low"",""metric"":""saturation"",""value"":2.99,""threshold"":15.0,""impact"":""Limited colour information may reduce the usefulness of colour-based downstream analytics."",""confidence"":0.8,""description"":""The image is significantly desaturated.""}]"
C:\Users\Shreya Dubey\OneDrive\Documents\Projects\visionguard\datasets\smart_city_benchmark\infrastructure\images\infra_027.jpg,Infrastructure Inspection,RoadDefects-ISeg,68,38.11,NOT READY,"[{""type"":""overexposure"",""severity"":""high"",""metric"":""bright_pixel_ratio"",""value"":13.62,""threshold"":10.0,""impact"":""Highlight clipping may reduce reliability of downstream visual analytics."",""confidence"":1.0,""description"":""Bright regions are losing visual information.""},{""type"":""image_noise"",""severity"":""high"",""metric"":""noise_estimate"",""value"":34.1,""threshold"":15.0,""impact"":""Noise may interfere with object boundaries and fine details."",""confidence"":1.0,""description"":""Image contains elevated noise.""}]"
C:\Users\Shreya Dubey\OneDrive\Documents\Projects\visionguard\datasets\smart_city_benchmark\infrastructure\images\infra_028.jpg,Infrastructure Inspection,RoadDefects-ISeg,51,26.39,NOT READY,"[{""type"":""image_noise"",""severity"":""critical"",""metric"":""noise_estimate"",""value"":105.26,""threshold"":35.0,""impact"":""Severe noise may obscure object boundaries and significantly reduce downstream analytics reliability."",""confidence"":1.0,""description"":""Image noise is critically high.""}]"
C:\Users\Shreya Dubey\OneDrive\Documents\Projects\visionguard\datasets\smart_city_benchmark\infrastructure\images\infra_029.jpg,Infrastructure Inspection,RoadDefects-ISeg,38,13.29,CRITICAL / REJECT,"[{""type"":""image_noise"",""severity"":""critical"",""metric"":""noise_estimate"",""value"":57.82,""threshold"":35.0,""impact"":""Severe noise may obscure object boundaries and significantly reduce downstream analytics reliability."",""confidence"":1.0,""description"":""Image noise is critically high.""},{""type"":""low_color_information"",""severity"":""low"",""metric"":""saturation"",""value"":8.3,""threshold"":15.0,""impact"":""Limited colour information may reduce the usefulness of colour-based downstream analytics."",""confidence"":0.8,""description"":""The image is significantly desaturated.""}]"
C:\Users\Shreya Dubey\OneDrive\Documents\Projects\visionguard\datasets\smart_city_benchmark\infrastructure\images\infra_030.jpg,Infrastructure Inspection,RoadDefects-ISeg,40,14.67,CRITICAL / REJECT,"[{""type"":""image_noise"",""severity"":""critical"",""metric"":""noise_estimate"",""value"":59.3,""threshold"":35.0,""impact"":""Severe noise may obscure object boundaries and significantly reduce downstream analytics reliability."",""confidence"":1.0,""description"":""Image noise is critically high.""},{""type"":""low_color_information"",""severity"":""low"",""metric"":""saturation"",""value"":6.8,""threshold"":15.0,""impact"":""Limited colour information may reduce the usefulness of colour-based downstream analytics."",""confidence"":0.8,""description"":""The image is significantly desaturated.""}]"
C:\Users\Shreya Dubey\OneDrive\Documents\Projects\visionguard\datasets\smart_city_benchmark\infrastructure\images\infra_031.jpg,Infrastructure Inspection,RoadDefects-ISeg,32,7.31,CRITICAL / REJECT,"[{""type"":""image_noise"",""severity"":""critical"",""metric"":""noise_estimate"",""value"":60.79,""threshold"":35.0,""impact"":""Severe noise may obscure object boundaries and significantly reduce downstream analytics reliability."",""confidence"":1.0,""description"":""Image noise is critically high.""},{""type"":""low_color_information"",""severity"":""low"",""metric"":""saturation"",""value"":3.19,""threshold"":15.0,""impact"":""Limited colour information may reduce the usefulness of colour-based downstream analytics."",""confidence"":0.8,""description"":""The image is significantly desaturated.""}]"
C:\Users\Shreya Dubey\OneDrive\Documents\Projects\visionguard\datasets\smart_city_benchmark\infrastructure\images\infra_032.jpg,Infrastructure Inspection,RoadDefects-ISeg,32,7.31,CRITICAL / REJECT,"[{""type"":""image_noise"",""severity"":""critical"",""metric"":""noise_estimate"",""value"":60.79,""threshold"":35.0,""impact"":""Severe noise may obscure object boundaries and significantly reduce downstream analytics reliability."",""confidence"":1.0,""description"":""Image noise is critically high.""},{""type"":""low_color_information"",""severity"":""low"",""metric"":""saturation"",""value"":3.16,""threshold"":15.0,""impact"":""Limited colour information may reduce the usefulness of colour-based downstream analytics."",""confidence"":0.8,""description"":""The image is significantly desaturated.""}]"
C:\Users\Shreya Dubey\OneDrive\Documents\Projects\visionguard\datasets\smart_city_benchmark\infrastructure\images\infra_033.jpg,Infrastructure Inspection,RoadDefects-ISeg,42,16.98,CRITICAL / REJECT,"[{""type"":""image_noise"",""severity"":""critical"",""metric"":""noise_estimate"",""value"":68.2,""threshold"":35.0,""impact"":""Severe noise may obscure object boundaries and significantly reduce downstream analytics reliability."",""confidence"":1.0,""description"":""Image noise is critically high.""},{""type"":""low_color_information"",""severity"":""low"",""metric"":""saturation"",""value"":2.66,""threshold"":15.0,""impact"":""Limited colour information may reduce the usefulness of colour-based downstream analytics."",""confidence"":0.8,""description"":""The image is significantly desaturated.""}]"
C:\Users\Shreya Dubey\OneDrive\Documents\Projects\visionguard\datasets\smart_city_benchmark\infrastructure\images\infra_034.jpg,Infrastructure Inspection,RoadDefects-ISeg,40,14.67,CRITICAL / REJECT,"[{""type"":""image_noise"",""severity"":""critical"",""metric"":""noise_estimate"",""value"":69.68,""threshold"":35.0,""impact"":""Severe noise may obscure object boundaries and significantly reduce downstream analytics reliability."",""confidence"":1.0,""description"":""Image noise is critically high.""},{""type"":""low_color_information"",""severity"":""low"",""metric"":""saturation"",""value"":2.44,""threshold"":15.0,""impact"":""Limited colour information may reduce the usefulness of colour-based downstream analytics."",""confidence"":0.8,""description"":""The image is significantly desaturated.""}]"
C:\Users\Shreya Dubey\OneDrive\Documents\Projects\visionguard\datasets\smart_city_benchmark\infrastructure\images\infra_035.jpg,Infrastructure Inspection,RoadDefects-ISeg,34,9.41,CRITICAL / REJECT,"[{""type"":""image_noise"",""severity"":""critical"",""metric"":""noise_estimate"",""value"":62.27,""threshold"":35.0,""impact"":""Severe noise may obscure object boundaries and significantly reduce downstream analytics reliability."",""confidence"":1.0,""description"":""Image noise is critically high.""},{""type"":""low_color_information"",""severity"":""low"",""metric"":""saturation"",""value"":9.0,""threshold"":15.0,""impact"":""Limited colour information may reduce the usefulness of colour-based downstream analytics."",""confidence"":0.8,""description"":""The image is significantly desaturated.""}]"
C:\Users\Shreya Dubey\OneDrive\Documents\Projects\visionguard\datasets\smart_city_benchmark\infrastructure\images\infra_036.jpg,Infrastructure Inspection,RoadDefects-ISeg,58,33.23,NOT READY,"[{""type"":""image_noise"",""severity"":""critical"",""metric"":""noise_estimate"",""value"":72.65,""threshold"":35.0,""impact"":""Severe noise may obscure object boundaries and significantly reduce downstream analytics reliability."",""confidence"":1.0,""description"":""Image noise is critically high.""}]"
C:\Users\Shreya Dubey\OneDrive\Documents\Projects\visionguard\datasets\smart_city_benchmark\infrastructure\images\infra_037.jpg,Infrastructure Inspection,RoadDefects-ISeg,62,37.49,NOT READY,"[{""type"":""image_noise"",""severity"":""critical"",""metric"":""noise_estimate"",""value"":72.65,""threshold"":35.0,""impact"":""Severe noise may obscure object boundaries and significantly reduce downstream analytics reliability."",""confidence"":1.0,""description"":""Image noise is critically high.""}]"
C:\Users\Shreya Dubey\OneDrive\Documents\Projects\visionguard\datasets\smart_city_benchmark\infrastructure\images\infra_038.jpg,Infrastructure Inspection,RoadDefects-ISeg,34,9.04,CRITICAL / REJECT,"[{""type"":""image_noise"",""severity"":""critical"",""metric"":""noise_estimate"",""value"":84.51,""threshold"":35.0,""impact"":""Severe noise may obscure object boundaries and significantly reduce downstream analytics reliability."",""confidence"":1.0,""description"":""Image noise is critically high.""}]"
C:\Users\Shreya Dubey\OneDrive\Documents\Projects\visionguard\datasets\smart_city_benchmark\infrastructure\images\infra_039.jpg,Infrastructure Inspection,RoadDefects-ISeg,34,9.41,CRITICAL / REJECT,"[{""type"":""image_noise"",""severity"":""critical"",""metric"":""noise_estimate"",""value"":97.85,""threshold"":35.0,""impact"":""Severe noise may obscure object boundaries and significantly reduce downstream analytics reliability."",""confidence"":1.0,""description"":""Image noise is critically high.""}]"
C:\Users\Shreya Dubey\OneDrive\Documents\Projects\visionguard\datasets\smart_city_benchmark\infrastructure\images\infra_040.jpg,Infrastructure Inspection,RoadDefects-ISeg,41,15.88,CRITICAL / REJECT,"[{""type"":""image_noise"",""severity"":""critical"",""metric"":""noise_estimate"",""value"":91.92,""threshold"":35.0,""impact"":""Severe noise may obscure object boundaries and significantly reduce downstream analytics reliability."",""confidence"":1.0,""description"":""Image noise is critically high.""}]"
C:\Users\Shreya Dubey\OneDrive\Documents\Projects\visionguard\datasets\smart_city_benchmark\infrastructure\images\infra_041.jpg,Infrastructure Inspection,RoadDefects-ISeg,32,7.31,CRITICAL / REJECT,"[{""type"":""image_noise"",""severity"":""critical"",""metric"":""noise_estimate"",""value"":87.47,""threshold"":35.0,""impact"":""Severe noise may obscure object boundaries and significantly reduce downstream analytics reliability."",""confidence"":1.0,""description"":""Image noise is critically high.""}]"
C:\Users\Shreya Dubey\OneDrive\Documents\Projects\visionguard\datasets\smart_city_benchmark\infrastructure\images\infra_042.jpg,Infrastructure Inspection,RoadDefects-ISeg,40,14.67,CRITICAL / REJECT,"[{""type"":""image_noise"",""severity"":""critical"",""metric"":""noise_estimate"",""value"":80.06,""threshold"":35.0,""impact"":""Severe noise may obscure object boundaries and significantly reduce downstream analytics reliability."",""confidence"":1.0,""description"":""Image noise is critically high.""}]"
C:\Users\Shreya Dubey\OneDrive\Documents\Projects\visionguard\datasets\smart_city_benchmark\infrastructure\images\infra_043.jpg,Infrastructure Inspection,RoadDefects-ISeg,40,14.67,CRITICAL / REJECT,"[{""type"":""image_noise"",""severity"":""critical"",""metric"":""noise_estimate"",""value"":78.58,""threshold"":35.0,""impact"":""Severe noise may obscure object boundaries and significantly reduce downstream analytics reliability."",""confidence"":1.0,""description"":""Image noise is critically high.""}]"
C:\Users\Shreya Dubey\OneDrive\Documents\Projects\visionguard\datasets\smart_city_benchmark\infrastructure\images\infra_044.jpg,Infrastructure Inspection,RoadDefects-ISeg,40,14.67,CRITICAL / REJECT,"[{""type"":""image_noise"",""severity"":""critical"",""metric"":""noise_estimate"",""value"":85.99,""threshold"":35.0,""impact"":""Severe noise may obscure object boundaries and significantly reduce downstream analytics reliability."",""confidence"":1.0,""description"":""Image noise is critically high.""}]"
C:\Users\Shreya Dubey\OneDrive\Documents\Projects\visionguard\datasets\smart_city_benchmark\infrastructure\images\infra_045.jpg,Infrastructure Inspection,RoadDefects-ISeg,51,26.39,NOT READY,"[{""type"":""image_noise"",""severity"":""critical"",""metric"":""noise_estimate"",""value"":114.16,""threshold"":35.0,""impact"":""Severe noise may obscure object boundaries and significantly reduce downstream analytics reliability."",""confidence"":1.0,""description"":""Image noise is critically high.""},{""type"":""low_color_information"",""severity"":""low"",""metric"":""saturation"",""value"":10.83,""threshold"":15.0,""impact"":""Limited colour information may reduce the usefulness of colour-based downstream analytics."",""confidence"":0.8,""description"":""The image is significantly desaturated.""}]"
C:\Users\Shreya Dubey\OneDrive\Documents\Projects\visionguard\datasets\smart_city_benchmark\infrastructure\images\infra_046.jpg,Infrastructure Inspection,RoadDefects-ISeg,46,20.89,NOT READY,"[{""type"":""image_noise"",""severity"":""critical"",""metric"":""noise_estimate"",""value"":80.06,""threshold"":35.0,""impact"":""Severe noise may obscure object boundaries and significantly reduce downstream analytics reliability."",""confidence"":1.0,""description"":""Image noise is critically high.""}]"
C:\Users\Shreya Dubey\OneDrive\Documents\Projects\visionguard\datasets\smart_city_benchmark\infrastructure\images\infra_047.jpg,Infrastructure Inspection,RoadDefects-ISeg,34,9.41,CRITICAL / REJECT,"[{""type"":""image_noise"",""severity"":""critical"",""metric"":""noise_estimate"",""value"":105.26,""threshold"":35.0,""impact"":""Severe noise may obscure object boundaries and significantly reduce downstream analytics reliability."",""confidence"":1.0,""description"":""Image noise is critically high.""}]"
C:\Users\Shreya Dubey\OneDrive\Documents\Projects\visionguard\datasets\smart_city_benchmark\infrastructure\images\infra_048.jpg,Infrastructure Inspection,RoadDefects-ISeg,79,38.96,NOT READY,"[{""type"":""overexposure"",""severity"":""high"",""metric"":""bright_pixel_ratio"",""value"":19.02,""threshold"":10.0,""impact"":""Highlight clipping may reduce reliability of downstream visual analytics."",""confidence"":1.0,""description"":""Bright regions are losing visual information.""},{""type"":""image_noise"",""severity"":""critical"",""metric"":""noise_estimate"",""value"":103.78,""threshold"":35.0,""impact"":""Severe noise may obscure object boundaries and significantly reduce downstream analytics reliability."",""confidence"":1.0,""description"":""Image noise is critically high.""}]"
C:\Users\Shreya Dubey\OneDrive\Documents\Projects\visionguard\datasets\smart_city_benchmark\infrastructure\images\infra_049.jpg,Infrastructure Inspection,RoadDefects-ISeg,46,30.89,NOT READY,"[{""type"":""image_noise"",""severity"":""high"",""metric"":""noise_estimate"",""value"":23.72,""threshold"":15.0,""impact"":""Noise may interfere with object boundaries and fine details."",""confidence"":1.0,""description"":""Image contains elevated noise.""}]"
C:\Users\Shreya Dubey\OneDrive\Documents\Projects\visionguard\datasets\smart_city_benchmark\infrastructure\images\infra_050.jpg,Infrastructure Inspection,RoadDefects-ISeg,42,26.98,NOT READY,"[{""type"":""image_noise"",""severity"":""high"",""metric"":""noise_estimate"",""value"":26.69,""threshold"":15.0,""impact"":""Noise may interfere with object boundaries and fine details."",""confidence"":1.0,""description"":""Image contains elevated noise.""},{""type"":""low_color_information"",""severity"":""low"",""metric"":""saturation"",""value"":14.36,""threshold"":15.0,""impact"":""Limited colour information may reduce the usefulness of colour-based downstream analytics."",""confidence"":0.8,""description"":""The image is significantly desaturated.""}]"
C:\Users\Shreya Dubey\OneDrive\Documents\Projects\visionguard\datasets\smart_city_benchmark\infrastructure\images\infra_051.jpg,Infrastructure Inspection,RoadDefects-ISeg,46,30.89,NOT READY,"[{""type"":""image_noise"",""severity"":""high"",""metric"":""noise_estimate"",""value"":28.17,""threshold"":15.0,""impact"":""Noise may interfere with object boundaries and fine details."",""confidence"":1.0,""description"":""Image contains elevated noise.""}]"
C:\Users\Shreya Dubey\OneDrive\Documents\Projects\visionguard\datasets\smart_city_benchmark\infrastructure\images\infra_052.jpg,Infrastructure Inspection,RoadDefects-ISeg,51,36.39,NOT READY,"[{""type"":""image_noise"",""severity"":""high"",""metric"":""noise_estimate"",""value"":28.17,""threshold"":15.0,""impact"":""Noise may interfere with object boundaries and fine details."",""confidence"":1.0,""description"":""Image contains elevated noise.""}]"
C:\Users\Shreya Dubey\OneDrive\Documents\Projects\visionguard\datasets\smart_city_benchmark\infrastructure\images\infra_053.jpg,Infrastructure Inspection,RoadDefects-ISeg,47,31.69,NOT READY,"[{""type"":""image_noise"",""severity"":""high"",""metric"":""noise_estimate"",""value"":31.13,""threshold"":15.0,""impact"":""Noise may interfere with object boundaries and fine details."",""confidence"":1.0,""description"":""Image contains elevated noise.""}]"
C:\Users\Shreya Dubey\OneDrive\Documents\Projects\visionguard\datasets\smart_city_benchmark\infrastructure\images\infra_054.jpg,Infrastructure Inspection,RoadDefects-ISeg,40,14.67,CRITICAL / REJECT,"[{""type"":""image_noise"",""severity"":""high"",""metric"":""noise_estimate"",""value"":17.79,""threshold"":15.0,""impact"":""Noise may interfere with object boundaries and fine details."",""confidence"":1.0,""description"":""Image contains elevated noise.""},{""type"":""low_contrast"",""severity"":""high"",""metric"":""contrast"",""value"":17.89,""threshold"":20.0,""impact"":""Weak contrast may reduce separation between objects and their background."",""confidence"":1.0,""description"":""Image contrast is below the recommended range.""},{""type"":""low_color_information"",""severity"":""low"",""metric"":""saturation"",""value"":11.57,""threshold"":15.0,""impact"":""Limited colour information may reduce the usefulness of colour-based downstream analytics."",""confidence"":0.8,""description"":""The image is significantly desaturated.""}]"
C:\Users\Shreya Dubey\OneDrive\Documents\Projects\visionguard\datasets\smart_city_benchmark\infrastructure\images\infra_055.jpg,Infrastructure Inspection,RoadDefects-ISeg,51,36.39,NOT READY,"[{""type"":""image_noise"",""severity"":""high"",""metric"":""noise_estimate"",""value"":22.24,""threshold"":15.0,""impact"":""Noise may interfere with object boundaries and fine details."",""confidence"":1.0,""description"":""Image contains elevated noise.""}]"
C:\Users\Shreya Dubey\OneDrive\Documents\Projects\visionguard\datasets\smart_city_benchmark\infrastructure\images\infra_056.jpg,Infrastructure Inspection,RoadDefects-ISeg,51,51.39,LIMITED READINESS,[]
C:\Users\Shreya Dubey\OneDrive\Documents\Projects\visionguard\datasets\smart_city_benchmark\infrastructure\images\infra_057.jpg,Infrastructure Inspection,RoadDefects-ISeg,46,30.89,NOT READY,"[{""type"":""image_noise"",""severity"":""high"",""metric"":""noise_estimate"",""value"":25.2,""threshold"":15.0,""impact"":""Noise may interfere with object boundaries and fine details."",""confidence"":1.0,""description"":""Image contains elevated noise.""}]"
C:\Users\Shreya Dubey\OneDrive\Documents\Projects\visionguard\datasets\smart_city_benchmark\infrastructure\images\infra_058.jpg,Infrastructure Inspection,RoadDefects-ISeg,41,30.88,NOT READY,"[{""type"":""low_contrast"",""severity"":""high"",""metric"":""contrast"",""value"":17.2,""threshold"":20.0,""impact"":""Weak contrast may reduce separation between objects and their background."",""confidence"":1.0,""description"":""Image contrast is below the recommended range.""},{""type"":""low_color_information"",""severity"":""low"",""metric"":""saturation"",""value"":11.46,""threshold"":15.0,""impact"":""Limited colour information may reduce the usefulness of colour-based downstream analytics."",""confidence"":0.8,""description"":""The image is significantly desaturated.""}]"
C:\Users\Shreya Dubey\OneDrive\Documents\Projects\visionguard\datasets\smart_city_benchmark\infrastructure\images\infra_059.jpg,Infrastructure Inspection,RoadDefects-ISeg,40,14.67,CRITICAL / REJECT,"[{""type"":""image_noise"",""severity"":""critical"",""metric"":""noise_estimate"",""value"":37.06,""threshold"":35.0,""impact"":""Severe noise may obscure object boundaries and significantly reduce downstream analytics reliability."",""confidence"":1.0,""description"":""Image noise is critically high.""}]"
C:\Users\Shreya Dubey\OneDrive\Documents\Projects\visionguard\datasets\smart_city_benchmark\infrastructure\images\infra_060.jpg,Infrastructure Inspection,RoadDefects-ISeg,51,26.45,NOT READY,"[{""type"":""image_noise"",""severity"":""critical"",""metric"":""noise_estimate"",""value"":43.0,""threshold"":35.0,""impact"":""Severe noise may obscure object boundaries and significantly reduce downstream analytics reliability."",""confidence"":1.0,""description"":""Image noise is critically high.""}]"
C:\Users\Shreya Dubey\OneDrive\Documents\Projects\visionguard\datasets\smart_city_benchmark\infrastructure\images\infra_061.jpg,Infrastructure Inspection,RoadDefects-ISeg,47,21.69,NOT READY,"[{""type"":""image_noise"",""severity"":""critical"",""metric"":""noise_estimate"",""value"":53.37,""threshold"":35.0,""impact"":""Severe noise may obscure object boundaries and significantly reduce downstream analytics reliability."",""confidence"":1.0,""description"":""Image noise is critically high.""},{""type"":""low_color_information"",""severity"":""low"",""metric"":""saturation"",""value"":13.38,""threshold"":15.0,""impact"":""Limited colour information may reduce the usefulness of colour-based downstream analytics."",""confidence"":0.8,""description"":""The image is significantly desaturated.""}]"
C:\Users\Shreya Dubey\OneDrive\Documents\Projects\visionguard\datasets\smart_city_benchmark\infrastructure\images\infra_062.jpg,Infrastructure Inspection,RoadDefects-ISeg,38,13.5,CRITICAL / REJECT,"[{""type"":""image_noise"",""severity"":""critical"",""metric"":""noise_estimate"",""value"":44.48,""threshold"":35.0,""impact"":""Severe noise may obscure object boundaries and significantly reduce downstream analytics reliability."",""confidence"":1.0,""description"":""Image noise is critically high.""}]"
C:\Users\Shreya Dubey\OneDrive\Documents\Projects\visionguard\datasets\smart_city_benchmark\infrastructure\images\infra_063.jpg,Infrastructure Inspection,RoadDefects-ISeg,68,43.11,LIMITED READINESS,"[{""type"":""image_noise"",""severity"":""critical"",""metric"":""noise_estimate"",""value"":37.06,""threshold"":35.0,""impact"":""Severe noise may obscure object boundaries and significantly reduce downstream analytics reliability."",""confidence"":1.0,""description"":""Image noise is critically high.""}]"
C:\Users\Shreya Dubey\OneDrive\Documents\Projects\visionguard\datasets\smart_city_benchmark\infrastructure\images\infra_064.jpg,Infrastructure Inspection,RoadDefects-ISeg,34,9.41,CRITICAL / REJECT,"[{""type"":""image_noise"",""severity"":""critical"",""metric"":""noise_estimate"",""value"":35.58,""threshold"":35.0,""impact"":""Severe noise may obscure object boundaries and significantly reduce downstream analytics reliability."",""confidence"":1.0,""description"":""Image noise is critically high.""}]"
C:\Users\Shreya Dubey\OneDrive\Documents\Projects\visionguard\datasets\smart_city_benchmark\infrastructure\images\infra_065.jpg,Infrastructure Inspection,RoadDefects-ISeg,51,26.39,NOT READY,"[{""type"":""image_noise"",""severity"":""critical"",""metric"":""noise_estimate"",""value"":40.03,""threshold"":35.0,""impact"":""Severe noise may obscure object boundaries and significantly reduce downstream analytics reliability."",""confidence"":1.0,""description"":""Image noise is critically high.""}]"
C:\Users\Shreya Dubey\OneDrive\Documents\Projects\visionguard\datasets\smart_city_benchmark\infrastructure\images\infra_066.jpg,Infrastructure Inspection,RoadDefects-ISeg,46,20.89,NOT READY,"[{""type"":""image_noise"",""severity"":""critical"",""metric"":""noise_estimate"",""value"":71.16,""threshold"":35.0,""impact"":""Severe noise may obscure object boundaries and significantly reduce downstream analytics reliability."",""confidence"":1.0,""description"":""Image noise is critically high.""},{""type"":""low_color_information"",""severity"":""low"",""metric"":""saturation"",""value"":10.61,""threshold"":15.0,""impact"":""Limited colour information may reduce the usefulness of colour-based downstream analytics."",""confidence"":0.8,""description"":""The image is significantly desaturated.""}]"
C:\Users\Shreya Dubey\OneDrive\Documents\Projects\visionguard\datasets\smart_city_benchmark\infrastructure\images\infra_067.jpg,Infrastructure Inspection,RoadDefects-ISeg,61,21.42,NOT READY,"[{""type"":""overexposure"",""severity"":""high"",""metric"":""bright_pixel_ratio"",""value"":12.44,""threshold"":10.0,""impact"":""Highlight clipping may reduce reliability of downstream visual analytics."",""confidence"":1.0,""description"":""Bright regions are losing visual information.""},{""type"":""image_noise"",""severity"":""critical"",""metric"":""noise_estimate"",""value"":43.0,""threshold"":35.0,""impact"":""Severe noise may obscure object boundaries and significantly reduce downstream analytics reliability."",""confidence"":1.0,""description"":""Image noise is critically high.""}]"
C:\Users\Shreya Dubey\OneDrive\Documents\Projects\visionguard\datasets\smart_city_benchmark\infrastructure\images\infra_068.jpg,Infrastructure Inspection,RoadDefects-ISeg,51,26.39,NOT READY,"[{""type"":""image_noise"",""severity"":""critical"",""metric"":""noise_estimate"",""value"":80.06,""threshold"":35.0,""impact"":""Severe noise may obscure object boundaries and significantly reduce downstream analytics reliability."",""confidence"":1.0,""description"":""Image noise is critically high.""}]"
C:\Users\Shreya Dubey\OneDrive\Documents\Projects\visionguard\datasets\smart_city_benchmark\infrastructure\images\infra_069.jpg,Infrastructure Inspection,RoadDefects-ISeg,57,32.43,NOT READY,"[{""type"":""image_noise"",""severity"":""critical"",""metric"":""noise_estimate"",""value"":84.51,""threshold"":35.0,""impact"":""Severe noise may obscure object boundaries and significantly reduce downstream analytics reliability."",""confidence"":1.0,""description"":""Image noise is critically high.""}]"
C:\Users\Shreya Dubey\OneDrive\Documents\Projects\visionguard\datasets\smart_city_benchmark\infrastructure\images\infra_070.jpg,Infrastructure Inspection,RoadDefects-ISeg,51,26.39,NOT READY,"[{""type"":""image_noise"",""severity"":""critical"",""metric"":""noise_estimate"",""value"":72.65,""threshold"":35.0,""impact"":""Severe noise may obscure object boundaries and significantly reduce downstream analytics reliability."",""confidence"":1.0,""description"":""Image noise is critically high.""},{""type"":""low_color_information"",""severity"":""low"",""metric"":""saturation"",""value"":4.86,""threshold"":15.0,""impact"":""Limited colour information may reduce the usefulness of colour-based downstream analytics."",""confidence"":0.8,""description"":""The image is significantly desaturated.""}]"
C:\Users\Shreya Dubey\OneDrive\Documents\Projects\visionguard\datasets\smart_city_benchmark\infrastructure\images\infra_071.jpg,Infrastructure Inspection,RoadDefects-ISeg,79,53.96,LIMITED READINESS,"[{""type"":""image_noise"",""severity"":""critical"",""metric"":""noise_estimate"",""value"":48.93,""threshold"":35.0,""impact"":""Severe noise may obscure object boundaries and significantly reduce downstream analytics reliability."",""confidence"":1.0,""description"":""Image noise is critically high.""}]"
C:\Users\Shreya Dubey\OneDrive\Documents\Projects\visionguard\datasets\smart_city_benchmark\infrastructure\images\infra_072.jpg,Infrastructure Inspection,RoadDefects-ISeg,46,20.89,NOT READY,"[{""type"":""image_noise"",""severity"":""critical"",""metric"":""noise_estimate"",""value"":57.82,""threshold"":35.0,""impact"":""Severe noise may obscure object boundaries and significantly reduce downstream analytics reliability."",""confidence"":1.0,""description"":""Image noise is critically high.""}]"
C:\Users\Shreya Dubey\OneDrive\Documents\Projects\visionguard\datasets\smart_city_benchmark\infrastructure\images\infra_073.jpg,Infrastructure Inspection,RoadDefects-ISeg,32,17.31,CRITICAL / REJECT,"[{""type"":""overexposure"",""severity"":""high"",""metric"":""bright_pixel_ratio"",""value"":15.38,""threshold"":10.0,""impact"":""Highlight clipping may reduce reliability of downstream visual analytics."",""confidence"":1.0,""description"":""Bright regions are losing visual information.""}]"
C:\Users\Shreya Dubey\OneDrive\Documents\Projects\visionguard\datasets\smart_city_benchmark\infrastructure\images\infra_074.jpg,Infrastructure Inspection,RoadDefects-ISeg,40,39.67,NOT READY,[]
C:\Users\Shreya Dubey\OneDrive\Documents\Projects\visionguard\datasets\smart_city_benchmark\infrastructure\images\infra_075.jpg,Infrastructure Inspection,RoadDefects-ISeg,40,39.67,NOT READY,[]
C:\Users\Shreya Dubey\OneDrive\Documents\Projects\visionguard\datasets\smart_city_benchmark\infrastructure\images\infra_076.jpg,Infrastructure Inspection,RoadDefects-ISeg,70,69.86,READY,[]
C:\Users\Shreya Dubey\OneDrive\Documents\Projects\visionguard\datasets\smart_city_benchmark\infrastructure\images\infra_077.jpg,Infrastructure Inspection,RoadDefects-ISeg,33,32.57,NOT READY,[]
C:\Users\Shreya Dubey\OneDrive\Documents\Projects\visionguard\datasets\smart_city_benchmark\infrastructure\images\infra_078.jpg,Infrastructure Inspection,RoadDefects-ISeg,40,39.67,NOT READY,[]
C:\Users\Shreya Dubey\OneDrive\Documents\Projects\visionguard\datasets\smart_city_benchmark\infrastructure\images\infra_079.jpg,Infrastructure Inspection,RoadDefects-ISeg,51,36.45,NOT READY,"[{""type"":""image_noise"",""severity"":""high"",""metric"":""noise_estimate"",""value"":22.24,""threshold"":15.0,""impact"":""Noise may interfere with object boundaries and fine details."",""confidence"":1.0,""description"":""Image contains elevated noise.""}]"
C:\Users\Shreya Dubey\OneDrive\Documents\Projects\visionguard\datasets\smart_city_benchmark\infrastructure\images\infra_080.jpg,Infrastructure Inspection,RoadDefects-ISeg,42,41.98,LIMITED READINESS,[]
C:\Users\Shreya Dubey\OneDrive\Documents\Projects\visionguard\datasets\smart_city_benchmark\infrastructure\images\infra_081.jpg,Infrastructure Inspection,RoadDefects-ISeg,58,57.6,LIMITED READINESS,[]
C:\Users\Shreya Dubey\OneDrive\Documents\Projects\visionguard\datasets\smart_city_benchmark\infrastructure\images\infra_082.jpg,Infrastructure Inspection,RoadDefects-ISeg,32,32.31,NOT READY,[]
C:\Users\Shreya Dubey\OneDrive\Documents\Projects\visionguard\datasets\smart_city_benchmark\infrastructure\images\infra_083.jpg,Infrastructure Inspection,RoadDefects-ISeg,34,34.41,NOT READY,[]
C:\Users\Shreya Dubey\OneDrive\Documents\Projects\visionguard\datasets\smart_city_benchmark\infrastructure\images\infra_084.jpg,Infrastructure Inspection,RoadDefects-ISeg,38,38.29,NOT READY,[]
C:\Users\Shreya Dubey\OneDrive\Documents\Projects\visionguard\datasets\smart_city_benchmark\infrastructure\images\infra_085.jpg,Infrastructure Inspection,RoadDefects-ISeg,51,51.39,LIMITED READINESS,[]
C:\Users\Shreya Dubey\OneDrive\Documents\Projects\visionguard\datasets\smart_city_benchmark\infrastructure\images\infra_086.jpg,Infrastructure Inspection,RoadDefects-ISeg,34,34.41,NOT READY,[]
C:\Users\Shreya Dubey\OneDrive\Documents\Projects\visionguard\datasets\smart_city_benchmark\infrastructure\images\infra_087.jpg,Infrastructure Inspection,RoadDefects-ISeg,33,32.57,NOT READY,[]
C:\Users\Shreya Dubey\OneDrive\Documents\Projects\visionguard\datasets\smart_city_benchmark\infrastructure\images\infra_088.jpg,Infrastructure Inspection,RoadDefects-ISeg,38,38.29,NOT READY,[]
C:\Users\Shreya Dubey\OneDrive\Documents\Projects\visionguard\datasets\smart_city_benchmark\infrastructure\images\infra_089.jpg,Infrastructure Inspection,RoadDefects-ISeg,38,38.29,NOT READY,"[{""type"":""low_color_information"",""severity"":""low"",""metric"":""saturation"",""value"":10.21,""threshold"":15.0,""impact"":""Limited colour information may reduce the usefulness of colour-based downstream analytics."",""confidence"":0.8,""description"":""The image is significantly desaturated.""}]"
C:\Users\Shreya Dubey\OneDrive\Documents\Projects\visionguard\datasets\smart_city_benchmark\infrastructure\images\infra_090.jpg,Infrastructure Inspection,RoadDefects-ISeg,38,38.29,NOT READY,[]
C:\Users\Shreya Dubey\OneDrive\Documents\Projects\visionguard\datasets\smart_city_benchmark\infrastructure\images\infra_091.jpg,Infrastructure Inspection,RoadDefects-ISeg,57,42.43,LIMITED READINESS,"[{""type"":""image_noise"",""severity"":""high"",""metric"":""noise_estimate"",""value"":16.31,""threshold"":15.0,""impact"":""Noise may interfere with object boundaries and fine details."",""confidence"":1.0,""description"":""Image contains elevated noise.""}]"
C:\Users\Shreya Dubey\OneDrive\Documents\Projects\visionguard\datasets\smart_city_benchmark\infrastructure\images\infra_092.jpg,Infrastructure Inspection,RoadDefects-ISeg,58,57.6,LIMITED READINESS,[]
C:\Users\Shreya Dubey\OneDrive\Documents\Projects\visionguard\datasets\smart_city_benchmark\infrastructure\images\infra_093.jpg,Infrastructure Inspection,RoadDefects-ISeg,38,38.29,NOT READY,[]
C:\Users\Shreya Dubey\OneDrive\Documents\Projects\visionguard\datasets\smart_city_benchmark\infrastructure\images\infra_094.jpg,Infrastructure Inspection,RoadDefects-ISeg,51,51.45,LIMITED READINESS,[]
C:\Users\Shreya Dubey\OneDrive\Documents\Projects\visionguard\datasets\smart_city_benchmark\infrastructure\images\infra_095.jpg,Infrastructure Inspection,RoadDefects-ISeg,51,51.39,LIMITED READINESS,[]
C:\Users\Shreya Dubey\OneDrive\Documents\Projects\visionguard\datasets\smart_city_benchmark\infrastructure\images\infra_096.jpg,Infrastructure Inspection,RoadDefects-ISeg,42,41.98,LIMITED READINESS,[]
C:\Users\Shreya Dubey\OneDrive\Documents\Projects\visionguard\datasets\smart_city_benchmark\infrastructure\images\infra_097.jpg,Infrastructure Inspection,RoadDefects-ISeg,38,23.29,NOT READY,"[{""type"":""overexposure"",""severity"":""high"",""metric"":""bright_pixel_ratio"",""value"":11.89,""threshold"":10.0,""impact"":""Highlight clipping may reduce reliability of downstream visual analytics."",""confidence"":1.0,""description"":""Bright regions are losing visual information.""}]"
C:\Users\Shreya Dubey\OneDrive\Documents\Projects\visionguard\datasets\smart_city_benchmark\infrastructure\images\infra_098.jpg,Infrastructure Inspection,RoadDefects-ISeg,51,51.45,LIMITED READINESS,[]
C:\Users\Shreya Dubey\OneDrive\Documents\Projects\visionguard\datasets\smart_city_benchmark\infrastructure\images\infra_099.jpg,Infrastructure Inspection,RoadDefects-ISeg,51,36.39,NOT READY,"[{""type"":""overexposure"",""severity"":""high"",""metric"":""bright_pixel_ratio"",""value"":21.73,""threshold"":10.0,""impact"":""Highlight clipping may reduce reliability of downstream visual analytics."",""confidence"":1.0,""description"":""Bright regions are losing visual information.""}]"
C:\Users\Shreya Dubey\OneDrive\Documents\Projects\visionguard\datasets\smart_city_benchmark\infrastructure\images\infra_100.jpg,Infrastructure Inspection,RoadDefects-ISeg,18,17.74,CRITICAL / REJECT,[]
C:\Users\Shreya Dubey\OneDrive\Documents\Projects\visionguard\datasets\smart_city_benchmark\low_light\images\lol_low_001.png,Low-Light Evaluation,LOL,28,0.0,CRITICAL / REJECT,"[{""type"":""insufficient_sharpness"",""severity"":""high"",""metric"":""laplacian_variance"",""value"":32.84,""threshold"":40.0,""impact"":""Reduced edge detail may lower detection reliability for small, distant, or fast-moving objects."",""confidence"":1.0,""description"":""Image sharpness is below the recommended range.""},{""type"":""underexposure"",""severity"":""critical"",""metric"":""dark_pixel_ratio"",""value"":99.76,""threshold"":50.0,""impact"":""Severe shadow clipping may hide pedestrians, vehicles, road markings, and other scene details."",""confidence"":1.0,""description"":""A large portion of the image contains severely dark pixels.""},{""type"":""severe_visual_degradation"",""severity"":""critical"",""metric"":""degradation_signal_count"",""value"":3.0,""threshold"":3.0,""impact"":""Multiple quality failures indicate substantial loss of usable visual information. The image may be unreliable for smart-city analytics."",""confidence"":1.0,""description"":""Multiple independent image-quality signals indicate severe visual degradation or possible corruption.""}]"
C:\Users\Shreya Dubey\OneDrive\Documents\Projects\visionguard\datasets\smart_city_benchmark\low_light\images\lol_low_002.png,Low-Light Evaluation,LOL,34,0.0,CRITICAL / REJECT,"[{""type"":""underexposure"",""severity"":""critical"",""metric"":""dark_pixel_ratio"",""value"":91.19,""threshold"":50.0,""impact"":""Severe shadow clipping may hide pedestrians, vehicles, road markings, and other scene details."",""confidence"":1.0,""description"":""A large portion of the image contains severely dark pixels.""},{""type"":""visual_degradation"",""severity"":""high"",""metric"":""degradation_signal_count"",""value"":2.0,""threshold"":2.0,""impact"":""Multiple quality indicators may reduce the reliability of downstream computer vision results."",""confidence"":0.9,""description"":""Multiple image-quality signals show reduced visual information.""},{""type"":""limited_dynamic_range"",""severity"":""high"",""metric"":""dynamic_range"",""value"":33.0,""threshold"":35.0,""impact"":""A narrow tonal range may hide useful scene details and reduce feature separation."",""confidence"":1.0,""description"":""Image contains a limited range of intensity values.""}]"
C:\Users\Shreya Dubey\OneDrive\Documents\Projects\visionguard\datasets\smart_city_benchmark\low_light\images\lol_low_003.png,Low-Light Evaluation,LOL,34,9.41,CRITICAL / REJECT,"[{""type"":""underexposure"",""severity"":""critical"",""metric"":""dark_pixel_ratio"",""value"":85.51,""threshold"":50.0,""impact"":""Severe shadow clipping may hide pedestrians, vehicles, road markings, and other scene details."",""confidence"":1.0,""description"":""A large portion of the image contains severely dark pixels.""}]"
C:\Users\Shreya Dubey\OneDrive\Documents\Projects\visionguard\datasets\smart_city_benchmark\low_light\images\lol_low_004.png,Low-Light Evaluation,LOL,34,9.41,CRITICAL / REJECT,"[{""type"":""underexposure"",""severity"":""critical"",""metric"":""dark_pixel_ratio"",""value"":85.69,""threshold"":50.0,""impact"":""Severe shadow clipping may hide pedestrians, vehicles, road markings, and other scene details."",""confidence"":1.0,""description"":""A large portion of the image contains severely dark pixels.""}]"
C:\Users\Shreya Dubey\OneDrive\Documents\Projects\visionguard\datasets\smart_city_benchmark\low_light\images\lol_low_005.png,Low-Light Evaluation,LOL,33,0.0,CRITICAL / REJECT,"[{""type"":""underexposure"",""severity"":""critical"",""metric"":""dark_pixel_ratio"",""value"":96.42,""threshold"":50.0,""impact"":""Severe shadow clipping may hide pedestrians, vehicles, road markings, and other scene details."",""confidence"":1.0,""description"":""A large portion of the image contains severely dark pixels.""},{""type"":""severe_visual_degradation"",""severity"":""critical"",""metric"":""degradation_signal_count"",""value"":3.0,""threshold"":3.0,""impact"":""Multiple quality failures indicate substantial loss of usable visual information. The image may be unreliable for smart-city analytics."",""confidence"":1.0,""description"":""Multiple independent image-quality signals indicate severe visual degradation or possible corruption.""}]"
C:\Users\Shreya Dubey\OneDrive\Documents\Projects\visionguard\datasets\smart_city_benchmark\low_light\images\lol_low_006.png,Low-Light Evaluation,LOL,33,0.0,CRITICAL / REJECT,"[{""type"":""underexposure"",""severity"":""critical"",""metric"":""dark_pixel_ratio"",""value"":96.42,""threshold"":50.0,""impact"":""Severe shadow clipping may hide pedestrians, vehicles, road markings, and other scene details."",""confidence"":1.0,""description"":""A large portion of the image contains severely dark pixels.""},{""type"":""severe_visual_degradation"",""severity"":""critical"",""metric"":""degradation_signal_count"",""value"":3.0,""threshold"":3.0,""impact"":""Multiple quality failures indicate substantial loss of usable visual information. The image may be unreliable for smart-city analytics."",""confidence"":1.0,""description"":""Multiple independent image-quality signals indicate severe visual degradation or possible corruption.""}]"
C:\Users\Shreya Dubey\OneDrive\Documents\Projects\visionguard\datasets\smart_city_benchmark\low_light\images\lol_low_007.png,Low-Light Evaluation,LOL,32,0.0,CRITICAL / REJECT,"[{""type"":""underexposure"",""severity"":""critical"",""metric"":""dark_pixel_ratio"",""value"":92.77,""threshold"":50.0,""impact"":""Severe shadow clipping may hide pedestrians, vehicles, road markings, and other scene details."",""confidence"":1.0,""description"":""A large portion of the image contains severely dark pixels.""},{""type"":""severe_visual_degradation"",""severity"":""critical"",""metric"":""degradation_signal_count"",""value"":3.0,""threshold"":3.0,""impact"":""Multiple quality failures indicate substantial loss of usable visual information. The image may be unreliable for smart-city analytics."",""confidence"":1.0,""description"":""Multiple independent image-quality signals indicate severe visual degradation or possible corruption.""}]"
C:\Users\Shreya Dubey\OneDrive\Documents\Projects\visionguard\datasets\smart_city_benchmark\low_light\images\lol_low_008.png,Low-Light Evaluation,LOL,33,0.0,CRITICAL / REJECT,"[{""type"":""underexposure"",""severity"":""critical"",""metric"":""dark_pixel_ratio"",""value"":92.75,""threshold"":50.0,""impact"":""Severe shadow clipping may hide pedestrians, vehicles, road markings, and other scene details."",""confidence"":1.0,""description"":""A large portion of the image contains severely dark pixels.""},{""type"":""severe_visual_degradation"",""severity"":""critical"",""metric"":""degradation_signal_count"",""value"":3.0,""threshold"":3.0,""impact"":""Multiple quality failures indicate substantial loss of usable visual information. The image may be unreliable for smart-city analytics."",""confidence"":1.0,""description"":""Multiple independent image-quality signals indicate severe visual degradation or possible corruption.""}]"
C:\Users\Shreya Dubey\OneDrive\Documents\Projects\visionguard\datasets\smart_city_benchmark\low_light\images\lol_low_009.png,Low-Light Evaluation,LOL,18,0.0,CRITICAL / REJECT,"[{""type"":""insufficient_sharpness"",""severity"":""high"",""metric"":""laplacian_variance"",""value"":21.87,""threshold"":40.0,""impact"":""Reduced edge detail may lower detection reliability for small, distant, or fast-moving objects."",""confidence"":1.0,""description"":""Image sharpness is below the recommended range.""},{""type"":""underexposure"",""severity"":""critical"",""metric"":""dark_pixel_ratio"",""value"":100.0,""threshold"":50.0,""impact"":""Severe shadow clipping may hide pedestrians, vehicles, road markings, and other scene details."",""confidence"":1.0,""description"":""A large portion of the image contains severely dark pixels.""},{""type"":""severe_visual_degradation"",""severity"":""critical"",""metric"":""degradation_signal_count"",""value"":3.0,""threshold"":3.0,""impact"":""Multiple quality failures indicate substantial loss of usable visual information. The image may be unreliable for smart-city analytics."",""confidence"":1.0,""description"":""Multiple independent image-quality signals indicate severe visual degradation or possible corruption.""}]"
C:\Users\Shreya Dubey\OneDrive\Documents\Projects\visionguard\datasets\smart_city_benchmark\low_light\images\lol_low_010.png,Low-Light Evaluation,LOL,18,0.0,CRITICAL / REJECT,"[{""type"":""insufficient_sharpness"",""severity"":""high"",""metric"":""laplacian_variance"",""value"":26.38,""threshold"":40.0,""impact"":""Reduced edge detail may lower detection reliability for small, distant, or fast-moving objects."",""confidence"":1.0,""description"":""Image sharpness is below the recommended range.""},{""type"":""underexposure"",""severity"":""critical"",""metric"":""dark_pixel_ratio"",""value"":47.71,""threshold"":50.0,""impact"":""Severe shadow clipping may hide pedestrians, vehicles, road markings, and other scene details."",""confidence"":1.0,""description"":""A large portion of the image contains severely dark pixels.""},{""type"":""severe_visual_degradation"",""severity"":""critical"",""metric"":""degradation_signal_count"",""value"":3.0,""threshold"":3.0,""impact"":""Multiple quality failures indicate substantial loss of usable visual information. The image may be unreliable for smart-city analytics."",""confidence"":1.0,""description"":""Multiple independent image-quality signals indicate severe visual degradation or possible corruption.""}]"
C:\Users\Shreya Dubey\OneDrive\Documents\Projects\visionguard\datasets\smart_city_benchmark\low_light\images\lol_low_011.png,Low-Light Evaluation,LOL,18,0.0,CRITICAL / REJECT,"[{""type"":""insufficient_sharpness"",""severity"":""high"",""metric"":""laplacian_variance"",""value"":26.17,""threshold"":40.0,""impact"":""Reduced edge detail may lower detection reliability for small, distant, or fast-moving objects."",""confidence"":1.0,""description"":""Image sharpness is below the recommended range.""},{""type"":""underexposure"",""severity"":""critical"",""metric"":""dark_pixel_ratio"",""value"":47.7,""threshold"":50.0,""impact"":""Severe shadow clipping may hide pedestrians, vehicles, road markings, and other scene details."",""confidence"":1.0,""description"":""A large portion of the image contains severely dark pixels.""},{""type"":""severe_visual_degradation"",""severity"":""critical"",""metric"":""degradation_signal_count"",""value"":3.0,""threshold"":3.0,""impact"":""Multiple quality failures indicate substantial loss of usable visual information. The image may be unreliable for smart-city analytics."",""confidence"":1.0,""description"":""Multiple independent image-quality signals indicate severe visual degradation or possible corruption.""}]"
C:\Users\Shreya Dubey\OneDrive\Documents\Projects\visionguard\datasets\smart_city_benchmark\low_light\images\lol_low_012.png,Low-Light Evaluation,LOL,34,0.0,CRITICAL / REJECT,"[{""type"":""underexposure"",""severity"":""critical"",""metric"":""dark_pixel_ratio"",""value"":91.05,""threshold"":50.0,""impact"":""Severe shadow clipping may hide pedestrians, vehicles, road markings, and other scene details."",""confidence"":1.0,""description"":""A large portion of the image contains severely dark pixels.""},{""type"":""severe_visual_degradation"",""severity"":""critical"",""metric"":""degradation_signal_count"",""value"":3.0,""threshold"":3.0,""impact"":""Multiple quality failures indicate substantial loss of usable visual information. The image may be unreliable for smart-city analytics."",""confidence"":1.0,""description"":""Multiple independent image-quality signals indicate severe visual degradation or possible corruption.""}]"
C:\Users\Shreya Dubey\OneDrive\Documents\Projects\visionguard\datasets\smart_city_benchmark\low_light\images\lol_low_013.png,Low-Light Evaluation,LOL,18,0.0,CRITICAL / REJECT,"[{""type"":""insufficient_sharpness"",""severity"":""high"",""metric"":""laplacian_variance"",""value"":26.64,""threshold"":40.0,""impact"":""Reduced edge detail may lower detection reliability for small, distant, or fast-moving objects."",""confidence"":1.0,""description"":""Image sharpness is below the recommended range.""},{""type"":""underexposure"",""severity"":""critical"",""metric"":""dark_pixel_ratio"",""value"":99.69,""threshold"":50.0,""impact"":""Severe shadow clipping may hide pedestrians, vehicles, road markings, and other scene details."",""confidence"":1.0,""description"":""A large portion of the image contains severely dark pixels.""},{""type"":""severe_visual_degradation"",""severity"":""critical"",""metric"":""degradation_signal_count"",""value"":3.0,""threshold"":3.0,""impact"":""Multiple quality failures indicate substantial loss of usable visual information. The image may be unreliable for smart-city analytics."",""confidence"":1.0,""description"":""Multiple independent image-quality signals indicate severe visual degradation or possible corruption.""}]"
C:\Users\Shreya Dubey\OneDrive\Documents\Projects\visionguard\datasets\smart_city_benchmark\low_light\images\lol_low_014.png,Low-Light Evaluation,LOL,18,0.0,CRITICAL / REJECT,"[{""type"":""insufficient_sharpness"",""severity"":""high"",""metric"":""laplacian_variance"",""value"":27.39,""threshold"":40.0,""impact"":""Reduced edge detail may lower detection reliability for small, distant, or fast-moving objects."",""confidence"":1.0,""description"":""Image sharpness is below the recommended range.""},{""type"":""underexposure"",""severity"":""critical"",""metric"":""dark_pixel_ratio"",""value"":99.66,""threshold"":50.0,""impact"":""Severe shadow clipping may hide pedestrians, vehicles, road markings, and other scene details."",""confidence"":1.0,""description"":""A large portion of the image contains severely dark pixels.""},{""type"":""severe_visual_degradation"",""severity"":""critical"",""metric"":""degradation_signal_count"",""value"":3.0,""threshold"":3.0,""impact"":""Multiple quality failures indicate substantial loss of usable visual information. The image may be unreliable for smart-city analytics."",""confidence"":1.0,""description"":""Multiple independent image-quality signals indicate severe visual degradation or possible corruption.""}]"
C:\Users\Shreya Dubey\OneDrive\Documents\Projects\visionguard\datasets\smart_city_benchmark\low_light\images\lol_low_015.png,Low-Light Evaluation,LOL,28,0.0,CRITICAL / REJECT,"[{""type"":""insufficient_sharpness"",""severity"":""high"",""metric"":""laplacian_variance"",""value"":29.87,""threshold"":40.0,""impact"":""Reduced edge detail may lower detection reliability for small, distant, or fast-moving objects."",""confidence"":1.0,""description"":""Image sharpness is below the recommended range.""},{""type"":""underexposure"",""severity"":""critical"",""metric"":""dark_pixel_ratio"",""value"":99.15,""threshold"":50.0,""impact"":""Severe shadow clipping may hide pedestrians, vehicles, road markings, and other scene details."",""confidence"":1.0,""description"":""A large portion of the image contains severely dark pixels.""},{""type"":""severe_visual_degradation"",""severity"":""critical"",""metric"":""degradation_signal_count"",""value"":3.0,""threshold"":3.0,""impact"":""Multiple quality failures indicate substantial loss of usable visual information. The image may be unreliable for smart-city analytics."",""confidence"":1.0,""description"":""Multiple independent image-quality signals indicate severe visual degradation or possible corruption.""}]"
C:\Users\Shreya Dubey\OneDrive\Documents\Projects\visionguard\datasets\smart_city_benchmark\low_light\images\lol_low_016.png,Low-Light Evaluation,LOL,28,0.0,CRITICAL / REJECT,"[{""type"":""insufficient_sharpness"",""severity"":""high"",""metric"":""laplacian_variance"",""value"":28.28,""threshold"":40.0,""impact"":""Reduced edge detail may lower detection reliability for small, distant, or fast-moving objects."",""confidence"":1.0,""description"":""Image sharpness is below the recommended range.""},{""type"":""underexposure"",""severity"":""critical"",""metric"":""dark_pixel_ratio"",""value"":99.16,""threshold"":50.0,""impact"":""Severe shadow clipping may hide pedestrians, vehicles, road markings, and other scene details."",""confidence"":1.0,""description"":""A large portion of the image contains severely dark pixels.""},{""type"":""severe_visual_degradation"",""severity"":""critical"",""metric"":""degradation_signal_count"",""value"":3.0,""threshold"":3.0,""impact"":""Multiple quality failures indicate substantial loss of usable visual information. The image may be unreliable for smart-city analytics."",""confidence"":1.0,""description"":""Multiple independent image-quality signals indicate severe visual degradation or possible corruption.""}]"
C:\Users\Shreya Dubey\OneDrive\Documents\Projects\visionguard\datasets\smart_city_benchmark\low_light\images\lol_low_017.png,Low-Light Evaluation,LOL,18,0.0,CRITICAL / REJECT,"[{""type"":""insufficient_sharpness"",""severity"":""high"",""metric"":""laplacian_variance"",""value"":26.53,""threshold"":40.0,""impact"":""Reduced edge detail may lower detection reliability for small, distant, or fast-moving objects."",""confidence"":1.0,""description"":""Image sharpness is below the recommended range.""},{""type"":""underexposure"",""severity"":""critical"",""metric"":""dark_pixel_ratio"",""value"":100.0,""threshold"":50.0,""impact"":""Severe shadow clipping may hide pedestrians, vehicles, road markings, and other scene details."",""confidence"":1.0,""description"":""A large portion of the image contains severely dark pixels.""},{""type"":""severe_visual_degradation"",""severity"":""critical"",""metric"":""degradation_signal_count"",""value"":3.0,""threshold"":3.0,""impact"":""Multiple quality failures indicate substantial loss of usable visual information. The image may be unreliable for smart-city analytics."",""confidence"":1.0,""description"":""Multiple independent image-quality signals indicate severe visual degradation or possible corruption.""}]"
C:\Users\Shreya Dubey\OneDrive\Documents\Projects\visionguard\datasets\smart_city_benchmark\low_light\images\lol_low_018.png,Low-Light Evaluation,LOL,18,0.0,CRITICAL / REJECT,"[{""type"":""insufficient_sharpness"",""severity"":""high"",""metric"":""laplacian_variance"",""value"":28.29,""threshold"":40.0,""impact"":""Reduced edge detail may lower detection reliability for small, distant, or fast-moving objects."",""confidence"":1.0,""description"":""Image sharpness is below the recommended range.""},{""type"":""underexposure"",""severity"":""critical"",""metric"":""dark_pixel_ratio"",""value"":100.0,""threshold"":50.0,""impact"":""Severe shadow clipping may hide pedestrians, vehicles, road markings, and other scene details."",""confidence"":1.0,""description"":""A large portion of the image contains severely dark pixels.""},{""type"":""severe_visual_degradation"",""severity"":""critical"",""metric"":""degradation_signal_count"",""value"":3.0,""threshold"":3.0,""impact"":""Multiple quality failures indicate substantial loss of usable visual information. The image may be unreliable for smart-city analytics."",""confidence"":1.0,""description"":""Multiple independent image-quality signals indicate severe visual degradation or possible corruption.""}]"
C:\Users\Shreya Dubey\OneDrive\Documents\Projects\visionguard\datasets\smart_city_benchmark\low_light\images\lol_low_019.png,Low-Light Evaluation,LOL,32,0.0,CRITICAL / REJECT,"[{""type"":""insufficient_sharpness"",""severity"":""high"",""metric"":""laplacian_variance"",""value"":30.85,""threshold"":40.0,""impact"":""Reduced edge detail may lower detection reliability for small, distant, or fast-moving objects."",""confidence"":1.0,""description"":""Image sharpness is below the recommended range.""},{""type"":""underexposure"",""severity"":""critical"",""metric"":""dark_pixel_ratio"",""value"":87.16,""threshold"":50.0,""impact"":""Severe shadow clipping may hide pedestrians, vehicles, road markings, and other scene details."",""confidence"":1.0,""description"":""A large portion of the image contains severely dark pixels.""},{""type"":""severe_visual_degradation"",""severity"":""critical"",""metric"":""degradation_signal_count"",""value"":3.0,""threshold"":3.0,""impact"":""Multiple quality failures indicate substantial loss of usable visual information. The image may be unreliable for smart-city analytics."",""confidence"":1.0,""description"":""Multiple independent image-quality signals indicate severe visual degradation or possible corruption.""}]"
C:\Users\Shreya Dubey\OneDrive\Documents\Projects\visionguard\datasets\smart_city_benchmark\low_light\images\lol_low_020.png,Low-Light Evaluation,LOL,33,0.0,CRITICAL / REJECT,"[{""type"":""insufficient_sharpness"",""severity"":""high"",""metric"":""laplacian_variance"",""value"":34.86,""threshold"":40.0,""impact"":""Reduced edge detail may lower detection reliability for small, distant, or fast-moving objects."",""confidence"":1.0,""description"":""Image sharpness is below the recommended range.""},{""type"":""underexposure"",""severity"":""critical"",""metric"":""dark_pixel_ratio"",""value"":99.61,""threshold"":50.0,""impact"":""Severe shadow clipping may hide pedestrians, vehicles, road markings, and other scene details."",""confidence"":1.0,""description"":""A large portion of the image contains severely dark pixels.""},{""type"":""severe_visual_degradation"",""severity"":""critical"",""metric"":""degradation_signal_count"",""value"":3.0,""threshold"":3.0,""impact"":""Multiple quality failures indicate substantial loss of usable visual information. The image may be unreliable for smart-city analytics."",""confidence"":1.0,""description"":""Multiple independent image-quality signals indicate severe visual degradation or possible corruption.""}]"
C:\Users\Shreya Dubey\OneDrive\Documents\Projects\visionguard\datasets\smart_city_benchmark\low_light\images\lol_low_021.png,Low-Light Evaluation,LOL,24,0.0,CRITICAL / REJECT,"[{""type"":""insufficient_sharpness"",""severity"":""high"",""metric"":""laplacian_variance"",""value"":30.45,""threshold"":40.0,""impact"":""Reduced edge detail may lower detection reliability for small, distant, or fast-moving objects."",""confidence"":1.0,""description"":""Image sharpness is below the recommended range.""},{""type"":""underexposure"",""severity"":""critical"",""metric"":""dark_pixel_ratio"",""value"":89.63,""threshold"":50.0,""impact"":""Severe shadow clipping may hide pedestrians, vehicles, road markings, and other scene details."",""confidence"":1.0,""description"":""A large portion of the image contains severely dark pixels.""},{""type"":""severe_visual_degradation"",""severity"":""critical"",""metric"":""degradation_signal_count"",""value"":3.0,""threshold"":3.0,""impact"":""Multiple quality failures indicate substantial loss of usable visual information. The image may be unreliable for smart-city analytics."",""confidence"":1.0,""description"":""Multiple independent image-quality signals indicate severe visual degradation or possible corruption.""}]"
C:\Users\Shreya Dubey\OneDrive\Documents\Projects\visionguard\datasets\smart_city_benchmark\low_light\images\lol_low_022.png,Low-Light Evaluation,LOL,18,0.0,CRITICAL / REJECT,"[{""type"":""insufficient_sharpness"",""severity"":""high"",""metric"":""laplacian_variance"",""value"":28.08,""threshold"":40.0,""impact"":""Reduced edge detail may lower detection reliability for small, distant, or fast-moving objects."",""confidence"":1.0,""description"":""Image sharpness is below the recommended range.""},{""type"":""underexposure"",""severity"":""critical"",""metric"":""dark_pixel_ratio"",""value"":99.88,""threshold"":50.0,""impact"":""Severe shadow clipping may hide pedestrians, vehicles, road markings, and other scene details."",""confidence"":1.0,""description"":""A large portion of the image contains severely dark pixels.""},{""type"":""severe_visual_degradation"",""severity"":""critical"",""metric"":""degradation_signal_count"",""value"":3.0,""threshold"":3.0,""impact"":""Multiple quality failures indicate substantial loss of usable visual information. The image may be unreliable for smart-city analytics."",""confidence"":1.0,""description"":""Multiple independent image-quality signals indicate severe visual degradation or possible corruption.""}]"
C:\Users\Shreya Dubey\OneDrive\Documents\Projects\visionguard\datasets\smart_city_benchmark\low_light\images\lol_low_023.png,Low-Light Evaluation,LOL,18,0.0,CRITICAL / REJECT,"[{""type"":""insufficient_sharpness"",""severity"":""high"",""metric"":""laplacian_variance"",""value"":29.43,""threshold"":40.0,""impact"":""Reduced edge detail may lower detection reliability for small, distant, or fast-moving objects."",""confidence"":1.0,""description"":""Image sharpness is below the recommended range.""},{""type"":""underexposure"",""severity"":""critical"",""metric"":""dark_pixel_ratio"",""value"":99.86,""threshold"":50.0,""impact"":""Severe shadow clipping may hide pedestrians, vehicles, road markings, and other scene details."",""confidence"":1.0,""description"":""A large portion of the image contains severely dark pixels.""},{""type"":""severe_visual_degradation"",""severity"":""critical"",""metric"":""degradation_signal_count"",""value"":3.0,""threshold"":3.0,""impact"":""Multiple quality failures indicate substantial loss of usable visual information. The image may be unreliable for smart-city analytics."",""confidence"":1.0,""description"":""Multiple independent image-quality signals indicate severe visual degradation or possible corruption.""}]"
C:\Users\Shreya Dubey\OneDrive\Documents\Projects\visionguard\datasets\smart_city_benchmark\low_light\images\lol_low_024.png,Low-Light Evaluation,LOL,32,0.0,CRITICAL / REJECT,"[{""type"":""underexposure"",""severity"":""critical"",""metric"":""dark_pixel_ratio"",""value"":95.99,""threshold"":50.0,""impact"":""Severe shadow clipping may hide pedestrians, vehicles, road markings, and other scene details."",""confidence"":1.0,""description"":""A large portion of the image contains severely dark pixels.""},{""type"":""severe_visual_degradation"",""severity"":""critical"",""metric"":""degradation_signal_count"",""value"":3.0,""threshold"":3.0,""impact"":""Multiple quality failures indicate substantial loss of usable visual information. The image may be unreliable for smart-city analytics."",""confidence"":1.0,""description"":""Multiple independent image-quality signals indicate severe visual degradation or possible corruption.""}]"
C:\Users\Shreya Dubey\OneDrive\Documents\Projects\visionguard\datasets\smart_city_benchmark\low_light\images\lol_low_025.png,Low-Light Evaluation,LOL,32,0.0,CRITICAL / REJECT,"[{""type"":""underexposure"",""severity"":""critical"",""metric"":""dark_pixel_ratio"",""value"":95.46,""threshold"":50.0,""impact"":""Severe shadow clipping may hide pedestrians, vehicles, road markings, and other scene details."",""confidence"":1.0,""description"":""A large portion of the image contains severely dark pixels.""},{""type"":""severe_visual_degradation"",""severity"":""critical"",""metric"":""degradation_signal_count"",""value"":3.0,""threshold"":3.0,""impact"":""Multiple quality failures indicate substantial loss of usable visual information. The image may be unreliable for smart-city analytics."",""confidence"":1.0,""description"":""Multiple independent image-quality signals indicate severe visual degradation or possible corruption.""}]"
C:\Users\Shreya Dubey\OneDrive\Documents\Projects\visionguard\datasets\smart_city_benchmark\low_light\images\lol_low_026.png,Low-Light Evaluation,LOL,18,0.0,CRITICAL / REJECT,"[{""type"":""insufficient_sharpness"",""severity"":""high"",""metric"":""laplacian_variance"",""value"":26.8,""threshold"":40.0,""impact"":""Reduced edge detail may lower detection reliability for small, distant, or fast-moving objects."",""confidence"":1.0,""description"":""Image sharpness is below the recommended range.""},{""type"":""underexposure"",""severity"":""critical"",""metric"":""dark_pixel_ratio"",""value"":94.78,""threshold"":50.0,""impact"":""Severe shadow clipping may hide pedestrians, vehicles, road markings, and other scene details."",""confidence"":1.0,""description"":""A large portion of the image contains severely dark pixels.""},{""type"":""severe_visual_degradation"",""severity"":""critical"",""metric"":""degradation_signal_count"",""value"":3.0,""threshold"":3.0,""impact"":""Multiple quality failures indicate substantial loss of usable visual information. The image may be unreliable for smart-city analytics."",""confidence"":1.0,""description"":""Multiple independent image-quality signals indicate severe visual degradation or possible corruption.""}]"
C:\Users\Shreya Dubey\OneDrive\Documents\Projects\visionguard\datasets\smart_city_benchmark\low_light\images\lol_low_027.png,Low-Light Evaluation,LOL,18,0.0,CRITICAL / REJECT,"[{""type"":""insufficient_sharpness"",""severity"":""high"",""metric"":""laplacian_variance"",""value"":26.39,""threshold"":40.0,""impact"":""Reduced edge detail may lower detection reliability for small, distant, or fast-moving objects."",""confidence"":1.0,""description"":""Image sharpness is below the recommended range.""},{""type"":""underexposure"",""severity"":""critical"",""metric"":""dark_pixel_ratio"",""value"":95.09,""threshold"":50.0,""impact"":""Severe shadow clipping may hide pedestrians, vehicles, road markings, and other scene details."",""confidence"":1.0,""description"":""A large portion of the image contains severely dark pixels.""},{""type"":""severe_visual_degradation"",""severity"":""critical"",""metric"":""degradation_signal_count"",""value"":3.0,""threshold"":3.0,""impact"":""Multiple quality failures indicate substantial loss of usable visual information. The image may be unreliable for smart-city analytics."",""confidence"":1.0,""description"":""Multiple independent image-quality signals indicate severe visual degradation or possible corruption.""}]"
C:\Users\Shreya Dubey\OneDrive\Documents\Projects\visionguard\datasets\smart_city_benchmark\low_light\images\lol_low_028.png,Low-Light Evaluation,LOL,18,0.0,CRITICAL / REJECT,"[{""type"":""insufficient_sharpness"",""severity"":""high"",""metric"":""laplacian_variance"",""value"":30.24,""threshold"":40.0,""impact"":""Reduced edge detail may lower detection reliability for small, distant, or fast-moving objects."",""confidence"":1.0,""description"":""Image sharpness is below the recommended range.""},{""type"":""underexposure"",""severity"":""critical"",""metric"":""dark_pixel_ratio"",""value"":99.93,""threshold"":50.0,""impact"":""Severe shadow clipping may hide pedestrians, vehicles, road markings, and other scene details."",""confidence"":1.0,""description"":""A large portion of the image contains severely dark pixels.""},{""type"":""severe_visual_degradation"",""severity"":""critical"",""metric"":""degradation_signal_count"",""value"":3.0,""threshold"":3.0,""impact"":""Multiple quality failures indicate substantial loss of usable visual information. The image may be unreliable for smart-city analytics."",""confidence"":1.0,""description"":""Multiple independent image-quality signals indicate severe visual degradation or possible corruption.""}]"
C:\Users\Shreya Dubey\OneDrive\Documents\Projects\visionguard\datasets\smart_city_benchmark\low_light\images\lol_low_029.png,Low-Light Evaluation,LOL,18,0.0,CRITICAL / REJECT,"[{""type"":""insufficient_sharpness"",""severity"":""high"",""metric"":""laplacian_variance"",""value"":31.25,""threshold"":40.0,""impact"":""Reduced edge detail may lower detection reliability for small, distant, or fast-moving objects."",""confidence"":1.0,""description"":""Image sharpness is below the recommended range.""},{""type"":""underexposure"",""severity"":""critical"",""metric"":""dark_pixel_ratio"",""value"":99.99,""threshold"":50.0,""impact"":""Severe shadow clipping may hide pedestrians, vehicles, road markings, and other scene details."",""confidence"":1.0,""description"":""A large portion of the image contains severely dark pixels.""},{""type"":""severe_visual_degradation"",""severity"":""critical"",""metric"":""degradation_signal_count"",""value"":3.0,""threshold"":3.0,""impact"":""Multiple quality failures indicate substantial loss of usable visual information. The image may be unreliable for smart-city analytics."",""confidence"":1.0,""description"":""Multiple independent image-quality signals indicate severe visual degradation or possible corruption.""}]"
C:\Users\Shreya Dubey\OneDrive\Documents\Projects\visionguard\datasets\smart_city_benchmark\low_light\images\lol_low_030.png,Low-Light Evaluation,LOL,32,0.0,CRITICAL / REJECT,"[{""type"":""insufficient_sharpness"",""severity"":""high"",""metric"":""laplacian_variance"",""value"":30.88,""threshold"":40.0,""impact"":""Reduced edge detail may lower detection reliability for small, distant, or fast-moving objects."",""confidence"":1.0,""description"":""Image sharpness is below the recommended range.""},{""type"":""underexposure"",""severity"":""critical"",""metric"":""dark_pixel_ratio"",""value"":79.75,""threshold"":50.0,""impact"":""Severe shadow clipping may hide pedestrians, vehicles, road markings, and other scene details."",""confidence"":1.0,""description"":""A large portion of the image contains severely dark pixels.""},{""type"":""severe_visual_degradation"",""severity"":""critical"",""metric"":""degradation_signal_count"",""value"":3.0,""threshold"":3.0,""impact"":""Multiple quality failures indicate substantial loss of usable visual information. The image may be unreliable for smart-city analytics."",""confidence"":1.0,""description"":""Multiple independent image-quality signals indicate severe visual degradation or possible corruption.""}]"
C:\Users\Shreya Dubey\OneDrive\Documents\Projects\visionguard\datasets\smart_city_benchmark\low_light\images\lol_low_031.png,Low-Light Evaluation,LOL,33,0.0,CRITICAL / REJECT,"[{""type"":""underexposure"",""severity"":""critical"",""metric"":""dark_pixel_ratio"",""value"":95.36,""threshold"":50.0,""impact"":""Severe shadow clipping may hide pedestrians, vehicles, road markings, and other scene details."",""confidence"":1.0,""description"":""A large portion of the image contains severely dark pixels.""},{""type"":""severe_visual_degradation"",""severity"":""critical"",""metric"":""degradation_signal_count"",""value"":3.0,""threshold"":3.0,""impact"":""Multiple quality failures indicate substantial loss of usable visual information. The image may be unreliable for smart-city analytics."",""confidence"":1.0,""description"":""Multiple independent image-quality signals indicate severe visual degradation or possible corruption.""}]"
C:\Users\Shreya Dubey\OneDrive\Documents\Projects\visionguard\datasets\smart_city_benchmark\low_light\images\lol_low_032.png,Low-Light Evaluation,LOL,32,0.0,CRITICAL / REJECT,"[{""type"":""insufficient_sharpness"",""severity"":""high"",""metric"":""laplacian_variance"",""value"":31.57,""threshold"":40.0,""impact"":""Reduced edge detail may lower detection reliability for small, distant, or fast-moving objects."",""confidence"":1.0,""description"":""Image sharpness is below the recommended range.""},{""type"":""underexposure"",""severity"":""critical"",""metric"":""dark_pixel_ratio"",""value"":80.19,""threshold"":50.0,""impact"":""Severe shadow clipping may hide pedestrians, vehicles, road markings, and other scene details."",""confidence"":1.0,""description"":""A large portion of the image contains severely dark pixels.""},{""type"":""severe_visual_degradation"",""severity"":""critical"",""metric"":""degradation_signal_count"",""value"":3.0,""threshold"":3.0,""impact"":""Multiple quality failures indicate substantial loss of usable visual information. The image may be unreliable for smart-city analytics."",""confidence"":1.0,""description"":""Multiple independent image-quality signals indicate severe visual degradation or possible corruption.""}]"
C:\Users\Shreya Dubey\OneDrive\Documents\Projects\visionguard\datasets\smart_city_benchmark\low_light\images\lol_low_033.png,Low-Light Evaluation,LOL,33,0.0,CRITICAL / REJECT,"[{""type"":""underexposure"",""severity"":""critical"",""metric"":""dark_pixel_ratio"",""value"":77.75,""threshold"":50.0,""impact"":""Severe shadow clipping may hide pedestrians, vehicles, road markings, and other scene details."",""confidence"":1.0,""description"":""A large portion of the image contains severely dark pixels.""},{""type"":""low_contrast"",""severity"":""high"",""metric"":""contrast"",""value"":17.0,""threshold"":20.0,""impact"":""Weak contrast may reduce separation between objects and their background."",""confidence"":1.0,""description"":""Image contrast is below the recommended range.""}]"
C:\Users\Shreya Dubey\OneDrive\Documents\Projects\visionguard\datasets\smart_city_benchmark\low_light\images\lol_low_034.png,Low-Light Evaluation,LOL,34,0.0,CRITICAL / REJECT,"[{""type"":""underexposure"",""severity"":""critical"",""metric"":""dark_pixel_ratio"",""value"":77.73,""threshold"":50.0,""impact"":""Severe shadow clipping may hide pedestrians, vehicles, road markings, and other scene details."",""confidence"":1.0,""description"":""A large portion of the image contains severely dark pixels.""},{""type"":""low_contrast"",""severity"":""high"",""metric"":""contrast"",""value"":17.06,""threshold"":20.0,""impact"":""Weak contrast may reduce separation between objects and their background."",""confidence"":1.0,""description"":""Image contrast is below the recommended range.""}]"
C:\Users\Shreya Dubey\OneDrive\Documents\Projects\visionguard\datasets\smart_city_benchmark\low_light\images\lol_low_035.png,Low-Light Evaluation,LOL,28,0.0,CRITICAL / REJECT,"[{""type"":""insufficient_sharpness"",""severity"":""high"",""metric"":""laplacian_variance"",""value"":29.87,""threshold"":40.0,""impact"":""Reduced edge detail may lower detection reliability for small, distant, or fast-moving objects."",""confidence"":1.0,""description"":""Image sharpness is below the recommended range.""},{""type"":""underexposure"",""severity"":""critical"",""metric"":""dark_pixel_ratio"",""value"":96.75,""threshold"":50.0,""impact"":""Severe shadow clipping may hide pedestrians, vehicles, road markings, and other scene details."",""confidence"":1.0,""description"":""A large portion of the image contains severely dark pixels.""},{""type"":""severe_visual_degradation"",""severity"":""critical"",""metric"":""degradation_signal_count"",""value"":3.0,""threshold"":3.0,""impact"":""Multiple quality failures indicate substantial loss of usable visual information. The image may be unreliable for smart-city analytics."",""confidence"":1.0,""description"":""Multiple independent image-quality signals indicate severe visual degradation or possible corruption.""}]"
C:\Users\Shreya Dubey\OneDrive\Documents\Projects\visionguard\datasets\smart_city_benchmark\low_light\images\lol_low_036.png,Low-Light Evaluation,LOL,28,0.0,CRITICAL / REJECT,"[{""type"":""insufficient_sharpness"",""severity"":""high"",""metric"":""laplacian_variance"",""value"":29.57,""threshold"":40.0,""impact"":""Reduced edge detail may lower detection reliability for small, distant, or fast-moving objects."",""confidence"":1.0,""description"":""Image sharpness is below the recommended range.""},{""type"":""underexposure"",""severity"":""critical"",""metric"":""dark_pixel_ratio"",""value"":97.21,""threshold"":50.0,""impact"":""Severe shadow clipping may hide pedestrians, vehicles, road markings, and other scene details."",""confidence"":1.0,""description"":""A large portion of the image contains severely dark pixels.""},{""type"":""severe_visual_degradation"",""severity"":""critical"",""metric"":""degradation_signal_count"",""value"":3.0,""threshold"":3.0,""impact"":""Multiple quality failures indicate substantial loss of usable visual information. The image may be unreliable for smart-city analytics."",""confidence"":1.0,""description"":""Multiple independent image-quality signals indicate severe visual degradation or possible corruption.""}]"
C:\Users\Shreya Dubey\OneDrive\Documents\Projects\visionguard\datasets\smart_city_benchmark\low_light\images\lol_low_037.png,Low-Light Evaluation,LOL,28,0.0,CRITICAL / REJECT,"[{""type"":""insufficient_sharpness"",""severity"":""high"",""metric"":""laplacian_variance"",""value"":39.75,""threshold"":40.0,""impact"":""Reduced edge detail may lower detection reliability for small, distant, or fast-moving objects."",""confidence"":1.0,""description"":""Image sharpness is below the recommended range.""},{""type"":""underexposure"",""severity"":""critical"",""metric"":""dark_pixel_ratio"",""value"":99.69,""threshold"":50.0,""impact"":""Severe shadow clipping may hide pedestrians, vehicles, road markings, and other scene details."",""confidence"":1.0,""description"":""A large portion of the image contains severely dark pixels.""},{""type"":""severe_visual_degradation"",""severity"":""critical"",""metric"":""degradation_signal_count"",""value"":3.0,""threshold"":3.0,""impact"":""Multiple quality failures indicate substantial loss of usable visual information. The image may be unreliable for smart-city analytics."",""confidence"":1.0,""description"":""Multiple independent image-quality signals indicate severe visual degradation or possible corruption.""}]"
C:\Users\Shreya Dubey\OneDrive\Documents\Projects\visionguard\datasets\smart_city_benchmark\low_light\images\lol_low_038.png,Low-Light Evaluation,LOL,28,0.0,CRITICAL / REJECT,"[{""type"":""insufficient_sharpness"",""severity"":""high"",""metric"":""laplacian_variance"",""value"":39.67,""threshold"":40.0,""impact"":""Reduced edge detail may lower detection reliability for small, distant, or fast-moving objects."",""confidence"":1.0,""description"":""Image sharpness is below the recommended range.""},{""type"":""underexposure"",""severity"":""critical"",""metric"":""dark_pixel_ratio"",""value"":99.7,""threshold"":50.0,""impact"":""Severe shadow clipping may hide pedestrians, vehicles, road markings, and other scene details."",""confidence"":1.0,""description"":""A large portion of the image contains severely dark pixels.""},{""type"":""severe_visual_degradation"",""severity"":""critical"",""metric"":""degradation_signal_count"",""value"":3.0,""threshold"":3.0,""impact"":""Multiple quality failures indicate substantial loss of usable visual information. The image may be unreliable for smart-city analytics."",""confidence"":1.0,""description"":""Multiple independent image-quality signals indicate severe visual degradation or possible corruption.""}]"
C:\Users\Shreya Dubey\OneDrive\Documents\Projects\visionguard\datasets\smart_city_benchmark\low_light\images\lol_low_039.png,Low-Light Evaluation,LOL,28,0.0,CRITICAL / REJECT,"[{""type"":""insufficient_sharpness"",""severity"":""high"",""metric"":""laplacian_variance"",""value"":37.91,""threshold"":40.0,""impact"":""Reduced edge detail may lower detection reliability for small, distant, or fast-moving objects."",""confidence"":1.0,""description"":""Image sharpness is below the recommended range.""},{""type"":""underexposure"",""severity"":""critical"",""metric"":""dark_pixel_ratio"",""value"":99.91,""threshold"":50.0,""impact"":""Severe shadow clipping may hide pedestrians, vehicles, road markings, and other scene details."",""confidence"":1.0,""description"":""A large portion of the image contains severely dark pixels.""},{""type"":""severe_visual_degradation"",""severity"":""critical"",""metric"":""degradation_signal_count"",""value"":3.0,""threshold"":3.0,""impact"":""Multiple quality failures indicate substantial loss of usable visual information. The image may be unreliable for smart-city analytics."",""confidence"":1.0,""description"":""Multiple independent image-quality signals indicate severe visual degradation or possible corruption.""}]"
C:\Users\Shreya Dubey\OneDrive\Documents\Projects\visionguard\datasets\smart_city_benchmark\low_light\images\lol_low_040.png,Low-Light Evaluation,LOL,33,0.0,CRITICAL / REJECT,"[{""type"":""underexposure"",""severity"":""critical"",""metric"":""dark_pixel_ratio"",""value"":95.24,""threshold"":50.0,""impact"":""Severe shadow clipping may hide pedestrians, vehicles, road markings, and other scene details."",""confidence"":1.0,""description"":""A large portion of the image contains severely dark pixels.""},{""type"":""severe_visual_degradation"",""severity"":""critical"",""metric"":""degradation_signal_count"",""value"":3.0,""threshold"":3.0,""impact"":""Multiple quality failures indicate substantial loss of usable visual information. The image may be unreliable for smart-city analytics."",""confidence"":1.0,""description"":""Multiple independent image-quality signals indicate severe visual degradation or possible corruption.""}]"
C:\Users\Shreya Dubey\OneDrive\Documents\Projects\visionguard\datasets\smart_city_benchmark\low_light\images\lol_low_041.png,Low-Light Evaluation,LOL,22,0.0,CRITICAL / REJECT,"[{""type"":""insufficient_sharpness"",""severity"":""high"",""metric"":""laplacian_variance"",""value"":35.6,""threshold"":40.0,""impact"":""Reduced edge detail may lower detection reliability for small, distant, or fast-moving objects."",""confidence"":1.0,""description"":""Image sharpness is below the recommended range.""},{""type"":""underexposure"",""severity"":""critical"",""metric"":""dark_pixel_ratio"",""value"":99.92,""threshold"":50.0,""impact"":""Severe shadow clipping may hide pedestrians, vehicles, road markings, and other scene details."",""confidence"":1.0,""description"":""A large portion of the image contains severely dark pixels.""},{""type"":""severe_visual_degradation"",""severity"":""critical"",""metric"":""degradation_signal_count"",""value"":3.0,""threshold"":3.0,""impact"":""Multiple quality failures indicate substantial loss of usable visual information. The image may be unreliable for smart-city analytics."",""confidence"":1.0,""description"":""Multiple independent image-quality signals indicate severe visual degradation or possible corruption.""}]"
C:\Users\Shreya Dubey\OneDrive\Documents\Projects\visionguard\datasets\smart_city_benchmark\low_light\images\lol_low_042.png,Low-Light Evaluation,LOL,18,0.0,CRITICAL / REJECT,"[{""type"":""insufficient_sharpness"",""severity"":""high"",""metric"":""laplacian_variance"",""value"":23.46,""threshold"":40.0,""impact"":""Reduced edge detail may lower detection reliability for small, distant, or fast-moving objects."",""confidence"":1.0,""description"":""Image sharpness is below the recommended range.""},{""type"":""underexposure"",""severity"":""critical"",""metric"":""dark_pixel_ratio"",""value"":100.0,""threshold"":50.0,""impact"":""Severe shadow clipping may hide pedestrians, vehicles, road markings, and other scene details."",""confidence"":1.0,""description"":""A large portion of the image contains severely dark pixels.""},{""type"":""severe_visual_degradation"",""severity"":""critical"",""metric"":""degradation_signal_count"",""value"":4.0,""threshold"":3.0,""impact"":""Multiple quality failures indicate substantial loss of usable visual information. The image may be unreliable for smart-city analytics."",""confidence"":1.0,""description"":""Multiple independent image-quality signals indicate severe visual degradation or possible corruption.""}]"
C:\Users\Shreya Dubey\OneDrive\Documents\Projects\visionguard\datasets\smart_city_benchmark\low_light\images\lol_low_043.png,Low-Light Evaluation,LOL,18,0.0,CRITICAL / REJECT,"[{""type"":""insufficient_sharpness"",""severity"":""high"",""metric"":""laplacian_variance"",""value"":17.26,""threshold"":40.0,""impact"":""Reduced edge detail may lower detection reliability for small, distant, or fast-moving objects."",""confidence"":1.0,""description"":""Image sharpness is below the recommended range.""},{""type"":""underexposure"",""severity"":""critical"",""metric"":""dark_pixel_ratio"",""value"":100.0,""threshold"":50.0,""impact"":""Severe shadow clipping may hide pedestrians, vehicles, road markings, and other scene details."",""confidence"":1.0,""description"":""A large portion of the image contains severely dark pixels.""},{""type"":""severe_visual_degradation"",""severity"":""critical"",""metric"":""degradation_signal_count"",""value"":4.0,""threshold"":3.0,""impact"":""Multiple quality failures indicate substantial loss of usable visual information. The image may be unreliable for smart-city analytics."",""confidence"":1.0,""description"":""Multiple independent image-quality signals indicate severe visual degradation or possible corruption.""}]"
C:\Users\Shreya Dubey\OneDrive\Documents\Projects\visionguard\datasets\smart_city_benchmark\low_light\images\lol_low_044.png,Low-Light Evaluation,LOL,18,0.0,CRITICAL / REJECT,"[{""type"":""insufficient_sharpness"",""severity"":""high"",""metric"":""laplacian_variance"",""value"":31.2,""threshold"":40.0,""impact"":""Reduced edge detail may lower detection reliability for small, distant, or fast-moving objects."",""confidence"":1.0,""description"":""Image sharpness is below the recommended range.""},{""type"":""underexposure"",""severity"":""critical"",""metric"":""dark_pixel_ratio"",""value"":100.0,""threshold"":50.0,""impact"":""Severe shadow clipping may hide pedestrians, vehicles, road markings, and other scene details."",""confidence"":1.0,""description"":""A large portion of the image contains severely dark pixels.""},{""type"":""severe_visual_degradation"",""severity"":""critical"",""metric"":""degradation_signal_count"",""value"":3.0,""threshold"":3.0,""impact"":""Multiple quality failures indicate substantial loss of usable visual information. The image may be unreliable for smart-city analytics."",""confidence"":1.0,""description"":""Multiple independent image-quality signals indicate severe visual degradation or possible corruption.""}]"
C:\Users\Shreya Dubey\OneDrive\Documents\Projects\visionguard\datasets\smart_city_benchmark\low_light\images\lol_low_045.png,Low-Light Evaluation,LOL,18,0.0,CRITICAL / REJECT,"[{""type"":""insufficient_sharpness"",""severity"":""high"",""metric"":""laplacian_variance"",""value"":31.85,""threshold"":40.0,""impact"":""Reduced edge detail may lower detection reliability for small, distant, or fast-moving objects."",""confidence"":1.0,""description"":""Image sharpness is below the recommended range.""},{""type"":""underexposure"",""severity"":""critical"",""metric"":""dark_pixel_ratio"",""value"":100.0,""threshold"":50.0,""impact"":""Severe shadow clipping may hide pedestrians, vehicles, road markings, and other scene details."",""confidence"":1.0,""description"":""A large portion of the image contains severely dark pixels.""},{""type"":""severe_visual_degradation"",""severity"":""critical"",""metric"":""degradation_signal_count"",""value"":3.0,""threshold"":3.0,""impact"":""Multiple quality failures indicate substantial loss of usable visual information. The image may be unreliable for smart-city analytics."",""confidence"":1.0,""description"":""Multiple independent image-quality signals indicate severe visual degradation or possible corruption.""}]"
C:\Users\Shreya Dubey\OneDrive\Documents\Projects\visionguard\datasets\smart_city_benchmark\low_light\images\lol_low_046.png,Low-Light Evaluation,LOL,32,7.31,CRITICAL / REJECT,"[{""type"":""underexposure"",""severity"":""critical"",""metric"":""dark_pixel_ratio"",""value"":49.51,""threshold"":50.0,""impact"":""Severe shadow clipping may hide pedestrians, vehicles, road markings, and other scene details."",""confidence"":1.0,""description"":""A large portion of the image contains severely dark pixels.""},{""type"":""visual_degradation"",""severity"":""high"",""metric"":""degradation_signal_count"",""value"":2.0,""threshold"":2.0,""impact"":""Multiple quality indicators may reduce the reliability of downstream computer vision results."",""confidence"":0.9,""description"":""Multiple image-quality signals show reduced visual information.""}]"
C:\Users\Shreya Dubey\OneDrive\Documents\Projects\visionguard\datasets\smart_city_benchmark\low_light\images\lol_low_047.png,Low-Light Evaluation,LOL,33,0.0,CRITICAL / REJECT,"[{""type"":""underexposure"",""severity"":""critical"",""metric"":""dark_pixel_ratio"",""value"":93.41,""threshold"":50.0,""impact"":""Severe shadow clipping may hide pedestrians, vehicles, road markings, and other scene details."",""confidence"":1.0,""description"":""A large portion of the image contains severely dark pixels.""},{""type"":""severe_visual_degradation"",""severity"":""critical"",""metric"":""degradation_signal_count"",""value"":3.0,""threshold"":3.0,""impact"":""Multiple quality failures indicate substantial loss of usable visual information. The image may be unreliable for smart-city analytics."",""confidence"":1.0,""description"":""Multiple independent image-quality signals indicate severe visual degradation or possible corruption.""}]"
C:\Users\Shreya Dubey\OneDrive\Documents\Projects\visionguard\datasets\smart_city_benchmark\low_light\images\lol_low_048.png,Low-Light Evaluation,LOL,18,0.0,CRITICAL / REJECT,"[{""type"":""insufficient_sharpness"",""severity"":""high"",""metric"":""laplacian_variance"",""value"":22.22,""threshold"":40.0,""impact"":""Reduced edge detail may lower detection reliability for small, distant, or fast-moving objects."",""confidence"":1.0,""description"":""Image sharpness is below the recommended range.""},{""type"":""underexposure"",""severity"":""critical"",""metric"":""dark_pixel_ratio"",""value"":100.0,""threshold"":50.0,""impact"":""Severe shadow clipping may hide pedestrians, vehicles, road markings, and other scene details."",""confidence"":1.0,""description"":""A large portion of the image contains severely dark pixels.""},{""type"":""severe_visual_degradation"",""severity"":""critical"",""metric"":""degradation_signal_count"",""value"":3.0,""threshold"":3.0,""impact"":""Multiple quality failures indicate substantial loss of usable visual information. The image may be unreliable for smart-city analytics."",""confidence"":1.0,""description"":""Multiple independent image-quality signals indicate severe visual degradation or possible corruption.""}]"
C:\Users\Shreya Dubey\OneDrive\Documents\Projects\visionguard\datasets\smart_city_benchmark\low_light\images\lol_low_049.png,Low-Light Evaluation,LOL,18,0.0,CRITICAL / REJECT,"[{""type"":""insufficient_sharpness"",""severity"":""high"",""metric"":""laplacian_variance"",""value"":29.35,""threshold"":40.0,""impact"":""Reduced edge detail may lower detection reliability for small, distant, or fast-moving objects."",""confidence"":1.0,""description"":""Image sharpness is below the recommended range.""},{""type"":""underexposure"",""severity"":""critical"",""metric"":""dark_pixel_ratio"",""value"":99.96,""threshold"":50.0,""impact"":""Severe shadow clipping may hide pedestrians, vehicles, road markings, and other scene details."",""confidence"":1.0,""description"":""A large portion of the image contains severely dark pixels.""},{""type"":""severe_visual_degradation"",""severity"":""critical"",""metric"":""degradation_signal_count"",""value"":3.0,""threshold"":3.0,""impact"":""Multiple quality failures indicate substantial loss of usable visual information. The image may be unreliable for smart-city analytics."",""confidence"":1.0,""description"":""Multiple independent image-quality signals indicate severe visual degradation or possible corruption.""}]"
C:\Users\Shreya Dubey\OneDrive\Documents\Projects\visionguard\datasets\smart_city_benchmark\low_light\images\lol_low_050.png,Low-Light Evaluation,LOL,22,0.0,CRITICAL / REJECT,"[{""type"":""insufficient_sharpness"",""severity"":""high"",""metric"":""laplacian_variance"",""value"":34.36,""threshold"":40.0,""impact"":""Reduced edge detail may lower detection reliability for small, distant, or fast-moving objects."",""confidence"":1.0,""description"":""Image sharpness is below the recommended range.""},{""type"":""underexposure"",""severity"":""critical"",""metric"":""dark_pixel_ratio"",""value"":98.26,""threshold"":50.0,""impact"":""Severe shadow clipping may hide pedestrians, vehicles, road markings, and other scene details."",""confidence"":1.0,""description"":""A large portion of the image contains severely dark pixels.""},{""type"":""severe_visual_degradation"",""severity"":""critical"",""metric"":""degradation_signal_count"",""value"":3.0,""threshold"":3.0,""impact"":""Multiple quality failures indicate substantial loss of usable visual information. The image may be unreliable for smart-city analytics."",""confidence"":1.0,""description"":""Multiple independent image-quality signals indicate severe visual degradation or possible corruption.""}]"
C:\Users\Shreya Dubey\OneDrive\Documents\Projects\visionguard\datasets\smart_city_benchmark\low_light\images\lol_low_051.png,Low-Light Evaluation,LOL,18,0.0,CRITICAL / REJECT,"[{""type"":""insufficient_sharpness"",""severity"":""high"",""metric"":""laplacian_variance"",""value"":23.22,""threshold"":40.0,""impact"":""Reduced edge detail may lower detection reliability for small, distant, or fast-moving objects."",""confidence"":1.0,""description"":""Image sharpness is below the recommended range.""},{""type"":""underexposure"",""severity"":""critical"",""metric"":""dark_pixel_ratio"",""value"":92.49,""threshold"":50.0,""impact"":""Severe shadow clipping may hide pedestrians, vehicles, road markings, and other scene details."",""confidence"":1.0,""description"":""A large portion of the image contains severely dark pixels.""},{""type"":""severe_visual_degradation"",""severity"":""critical"",""metric"":""degradation_signal_count"",""value"":3.0,""threshold"":3.0,""impact"":""Multiple quality failures indicate substantial loss of usable visual information. The image may be unreliable for smart-city analytics."",""confidence"":1.0,""description"":""Multiple independent image-quality signals indicate severe visual degradation or possible corruption.""}]"
C:\Users\Shreya Dubey\OneDrive\Documents\Projects\visionguard\datasets\smart_city_benchmark\low_light\images\lol_low_052.png,Low-Light Evaluation,LOL,18,0.0,CRITICAL / REJECT,"[{""type"":""insufficient_sharpness"",""severity"":""high"",""metric"":""laplacian_variance"",""value"":24.7,""threshold"":40.0,""impact"":""Reduced edge detail may lower detection reliability for small, distant, or fast-moving objects."",""confidence"":1.0,""description"":""Image sharpness is below the recommended range.""},{""type"":""underexposure"",""severity"":""critical"",""metric"":""dark_pixel_ratio"",""value"":90.56,""threshold"":50.0,""impact"":""Severe shadow clipping may hide pedestrians, vehicles, road markings, and other scene details."",""confidence"":1.0,""description"":""A large portion of the image contains severely dark pixels.""},{""type"":""severe_visual_degradation"",""severity"":""critical"",""metric"":""degradation_signal_count"",""value"":3.0,""threshold"":3.0,""impact"":""Multiple quality failures indicate substantial loss of usable visual information. The image may be unreliable for smart-city analytics."",""confidence"":1.0,""description"":""Multiple independent image-quality signals indicate severe visual degradation or possible corruption.""}]"
C:\Users\Shreya Dubey\OneDrive\Documents\Projects\visionguard\datasets\smart_city_benchmark\low_light\images\lol_low_053.png,Low-Light Evaluation,LOL,18,0.0,CRITICAL / REJECT,"[{""type"":""insufficient_sharpness"",""severity"":""high"",""metric"":""laplacian_variance"",""value"":23.08,""threshold"":40.0,""impact"":""Reduced edge detail may lower detection reliability for small, distant, or fast-moving objects."",""confidence"":1.0,""description"":""Image sharpness is below the recommended range.""},{""type"":""underexposure"",""severity"":""critical"",""metric"":""dark_pixel_ratio"",""value"":99.88,""threshold"":50.0,""impact"":""Severe shadow clipping may hide pedestrians, vehicles, road markings, and other scene details."",""confidence"":1.0,""description"":""A large portion of the image contains severely dark pixels.""},{""type"":""severe_visual_degradation"",""severity"":""critical"",""metric"":""degradation_signal_count"",""value"":3.0,""threshold"":3.0,""impact"":""Multiple quality failures indicate substantial loss of usable visual information. The image may be unreliable for smart-city analytics."",""confidence"":1.0,""description"":""Multiple independent image-quality signals indicate severe visual degradation or possible corruption.""}]"
C:\Users\Shreya Dubey\OneDrive\Documents\Projects\visionguard\datasets\smart_city_benchmark\low_light\images\lol_low_054.png,Low-Light Evaluation,LOL,38,3.29,CRITICAL / REJECT,"[{""type"":""underexposure"",""severity"":""critical"",""metric"":""dark_pixel_ratio"",""value"":83.47,""threshold"":50.0,""impact"":""Severe shadow clipping may hide pedestrians, vehicles, road markings, and other scene details."",""confidence"":1.0,""description"":""A large portion of the image contains severely dark pixels.""},{""type"":""low_contrast"",""severity"":""high"",""metric"":""contrast"",""value"":17.93,""threshold"":20.0,""impact"":""Weak contrast may reduce separation between objects and their background."",""confidence"":1.0,""description"":""Image contrast is below the recommended range.""}]"
C:\Users\Shreya Dubey\OneDrive\Documents\Projects\visionguard\datasets\smart_city_benchmark\low_light\images\lol_low_055.png,Low-Light Evaluation,LOL,18,0.0,CRITICAL / REJECT,"[{""type"":""insufficient_sharpness"",""severity"":""high"",""metric"":""laplacian_variance"",""value"":25.62,""threshold"":40.0,""impact"":""Reduced edge detail may lower detection reliability for small, distant, or fast-moving objects."",""confidence"":1.0,""description"":""Image sharpness is below the recommended range.""},{""type"":""underexposure"",""severity"":""critical"",""metric"":""dark_pixel_ratio"",""value"":99.97,""threshold"":50.0,""impact"":""Severe shadow clipping may hide pedestrians, vehicles, road markings, and other scene details."",""confidence"":1.0,""description"":""A large portion of the image contains severely dark pixels.""},{""type"":""severe_visual_degradation"",""severity"":""critical"",""metric"":""degradation_signal_count"",""value"":3.0,""threshold"":3.0,""impact"":""Multiple quality failures indicate substantial loss of usable visual information. The image may be unreliable for smart-city analytics."",""confidence"":1.0,""description"":""Multiple independent image-quality signals indicate severe visual degradation or possible corruption.""}]"
C:\Users\Shreya Dubey\OneDrive\Documents\Projects\visionguard\datasets\smart_city_benchmark\low_light\images\lol_low_056.png,Low-Light Evaluation,LOL,18,0.0,CRITICAL / REJECT,"[{""type"":""insufficient_sharpness"",""severity"":""high"",""metric"":""laplacian_variance"",""value"":29.19,""threshold"":40.0,""impact"":""Reduced edge detail may lower detection reliability for small, distant, or fast-moving objects."",""confidence"":1.0,""description"":""Image sharpness is below the recommended range.""},{""type"":""underexposure"",""severity"":""critical"",""metric"":""dark_pixel_ratio"",""value"":99.95,""threshold"":50.0,""impact"":""Severe shadow clipping may hide pedestrians, vehicles, road markings, and other scene details."",""confidence"":1.0,""description"":""A large portion of the image contains severely dark pixels.""},{""type"":""severe_visual_degradation"",""severity"":""critical"",""metric"":""degradation_signal_count"",""value"":3.0,""threshold"":3.0,""impact"":""Multiple quality failures indicate substantial loss of usable visual information. The image may be unreliable for smart-city analytics."",""confidence"":1.0,""description"":""Multiple independent image-quality signals indicate severe visual degradation or possible corruption.""}]"
C:\Users\Shreya Dubey\OneDrive\Documents\Projects\visionguard\datasets\smart_city_benchmark\low_light\images\lol_low_057.png,Low-Light Evaluation,LOL,18,0.0,CRITICAL / REJECT,"[{""type"":""insufficient_sharpness"",""severity"":""high"",""metric"":""laplacian_variance"",""value"":25.48,""threshold"":40.0,""impact"":""Reduced edge detail may lower detection reliability for small, distant, or fast-moving objects."",""confidence"":1.0,""description"":""Image sharpness is below the recommended range.""},{""type"":""underexposure"",""severity"":""critical"",""metric"":""dark_pixel_ratio"",""value"":99.96,""threshold"":50.0,""impact"":""Severe shadow clipping may hide pedestrians, vehicles, road markings, and other scene details."",""confidence"":1.0,""description"":""A large portion of the image contains severely dark pixels.""},{""type"":""severe_visual_degradation"",""severity"":""critical"",""metric"":""degradation_signal_count"",""value"":3.0,""threshold"":3.0,""impact"":""Multiple quality failures indicate substantial loss of usable visual information. The image may be unreliable for smart-city analytics."",""confidence"":1.0,""description"":""Multiple independent image-quality signals indicate severe visual degradation or possible corruption.""}]"
C:\Users\Shreya Dubey\OneDrive\Documents\Projects\visionguard\datasets\smart_city_benchmark\low_light\images\lol_low_058.png,Low-Light Evaluation,LOL,28,0.0,CRITICAL / REJECT,"[{""type"":""insufficient_sharpness"",""severity"":""high"",""metric"":""laplacian_variance"",""value"":29.79,""threshold"":40.0,""impact"":""Reduced edge detail may lower detection reliability for small, distant, or fast-moving objects."",""confidence"":1.0,""description"":""Image sharpness is below the recommended range.""},{""type"":""underexposure"",""severity"":""critical"",""metric"":""dark_pixel_ratio"",""value"":97.97,""threshold"":50.0,""impact"":""Severe shadow clipping may hide pedestrians, vehicles, road markings, and other scene details."",""confidence"":1.0,""description"":""A large portion of the image contains severely dark pixels.""},{""type"":""severe_visual_degradation"",""severity"":""critical"",""metric"":""degradation_signal_count"",""value"":3.0,""threshold"":3.0,""impact"":""Multiple quality failures indicate substantial loss of usable visual information. The image may be unreliable for smart-city analytics."",""confidence"":1.0,""description"":""Multiple independent image-quality signals indicate severe visual degradation or possible corruption.""}]"
C:\Users\Shreya Dubey\OneDrive\Documents\Projects\visionguard\datasets\smart_city_benchmark\low_light\images\lol_low_059.png,Low-Light Evaluation,LOL,32,0.0,CRITICAL / REJECT,"[{""type"":""underexposure"",""severity"":""critical"",""metric"":""dark_pixel_ratio"",""value"":78.84,""threshold"":50.0,""impact"":""Severe shadow clipping may hide pedestrians, vehicles, road markings, and other scene details."",""confidence"":1.0,""description"":""A large portion of the image contains severely dark pixels.""},{""type"":""low_contrast"",""severity"":""high"",""metric"":""contrast"",""value"":12.51,""threshold"":20.0,""impact"":""Weak contrast may reduce separation between objects and their background."",""confidence"":1.0,""description"":""Image contrast is below the recommended range.""}]"
C:\Users\Shreya Dubey\OneDrive\Documents\Projects\visionguard\datasets\smart_city_benchmark\low_light\images\lol_low_060.png,Low-Light Evaluation,LOL,34,0.0,CRITICAL / REJECT,"[{""type"":""insufficient_sharpness"",""severity"":""high"",""metric"":""laplacian_variance"",""value"":36.27,""threshold"":40.0,""impact"":""Reduced edge detail may lower detection reliability for small, distant, or fast-moving objects."",""confidence"":1.0,""description"":""Image sharpness is below the recommended range.""},{""type"":""underexposure"",""severity"":""critical"",""metric"":""dark_pixel_ratio"",""value"":88.77,""threshold"":50.0,""impact"":""Severe shadow clipping may hide pedestrians, vehicles, road markings, and other scene details."",""confidence"":1.0,""description"":""A large portion of the image contains severely dark pixels.""},{""type"":""severe_visual_degradation"",""severity"":""critical"",""metric"":""degradation_signal_count"",""value"":3.0,""threshold"":3.0,""impact"":""Multiple quality failures indicate substantial loss of usable visual information. The image may be unreliable for smart-city analytics."",""confidence"":1.0,""description"":""Multiple independent image-quality signals indicate severe visual degradation or possible corruption.""}]"
C:\Users\Shreya Dubey\OneDrive\Documents\Projects\visionguard\datasets\smart_city_benchmark\low_light\images\lol_low_061.png,Low-Light Evaluation,LOL,38,3.29,CRITICAL / REJECT,"[{""type"":""underexposure"",""severity"":""critical"",""metric"":""dark_pixel_ratio"",""value"":83.56,""threshold"":50.0,""impact"":""Severe shadow clipping may hide pedestrians, vehicles, road markings, and other scene details."",""confidence"":1.0,""description"":""A large portion of the image contains severely dark pixels.""},{""type"":""low_contrast"",""severity"":""high"",""metric"":""contrast"",""value"":13.48,""threshold"":20.0,""impact"":""Weak contrast may reduce separation between objects and their background."",""confidence"":1.0,""description"":""Image contrast is below the recommended range.""}]"
C:\Users\Shreya Dubey\OneDrive\Documents\Projects\visionguard\datasets\smart_city_benchmark\low_light\images\lol_low_062.png,Low-Light Evaluation,LOL,18,0.0,CRITICAL / REJECT,"[{""type"":""insufficient_sharpness"",""severity"":""high"",""metric"":""laplacian_variance"",""value"":28.3,""threshold"":40.0,""impact"":""Reduced edge detail may lower detection reliability for small, distant, or fast-moving objects."",""confidence"":1.0,""description"":""Image sharpness is below the recommended range.""},{""type"":""underexposure"",""severity"":""critical"",""metric"":""dark_pixel_ratio"",""value"":100.0,""threshold"":50.0,""impact"":""Severe shadow clipping may hide pedestrians, vehicles, road markings, and other scene details."",""confidence"":1.0,""description"":""A large portion of the image contains severely dark pixels.""},{""type"":""severe_visual_degradation"",""severity"":""critical"",""metric"":""degradation_signal_count"",""value"":3.0,""threshold"":3.0,""impact"":""Multiple quality failures indicate substantial loss of usable visual information. The image may be unreliable for smart-city analytics."",""confidence"":1.0,""description"":""Multiple independent image-quality signals indicate severe visual degradation or possible corruption.""}]"
C:\Users\Shreya Dubey\OneDrive\Documents\Projects\visionguard\datasets\smart_city_benchmark\low_light\images\lol_low_063.png,Low-Light Evaluation,LOL,18,0.0,CRITICAL / REJECT,"[{""type"":""insufficient_sharpness"",""severity"":""high"",""metric"":""laplacian_variance"",""value"":22.25,""threshold"":40.0,""impact"":""Reduced edge detail may lower detection reliability for small, distant, or fast-moving objects."",""confidence"":1.0,""description"":""Image sharpness is below the recommended range.""},{""type"":""underexposure"",""severity"":""critical"",""metric"":""dark_pixel_ratio"",""value"":100.0,""threshold"":50.0,""impact"":""Severe shadow clipping may hide pedestrians, vehicles, road markings, and other scene details."",""confidence"":1.0,""description"":""A large portion of the image contains severely dark pixels.""},{""type"":""severe_visual_degradation"",""severity"":""critical"",""metric"":""degradation_signal_count"",""value"":4.0,""threshold"":3.0,""impact"":""Multiple quality failures indicate substantial loss of usable visual information. The image may be unreliable for smart-city analytics."",""confidence"":1.0,""description"":""Multiple independent image-quality signals indicate severe visual degradation or possible corruption.""}]"
C:\Users\Shreya Dubey\OneDrive\Documents\Projects\visionguard\datasets\smart_city_benchmark\low_light\images\lol_low_064.png,Low-Light Evaluation,LOL,28,0.0,CRITICAL / REJECT,"[{""type"":""insufficient_sharpness"",""severity"":""high"",""metric"":""laplacian_variance"",""value"":33.79,""threshold"":40.0,""impact"":""Reduced edge detail may lower detection reliability for small, distant, or fast-moving objects."",""confidence"":1.0,""description"":""Image sharpness is below the recommended range.""},{""type"":""underexposure"",""severity"":""critical"",""metric"":""dark_pixel_ratio"",""value"":99.72,""threshold"":50.0,""impact"":""Severe shadow clipping may hide pedestrians, vehicles, road markings, and other scene details."",""confidence"":1.0,""description"":""A large portion of the image contains severely dark pixels.""},{""type"":""severe_visual_degradation"",""severity"":""critical"",""metric"":""degradation_signal_count"",""value"":3.0,""threshold"":3.0,""impact"":""Multiple quality failures indicate substantial loss of usable visual information. The image may be unreliable for smart-city analytics."",""confidence"":1.0,""description"":""Multiple independent image-quality signals indicate severe visual degradation or possible corruption.""}]"
C:\Users\Shreya Dubey\OneDrive\Documents\Projects\visionguard\datasets\smart_city_benchmark\low_light\images\lol_low_065.png,Low-Light Evaluation,LOL,28,0.0,CRITICAL / REJECT,"[{""type"":""insufficient_sharpness"",""severity"":""high"",""metric"":""laplacian_variance"",""value"":31.3,""threshold"":40.0,""impact"":""Reduced edge detail may lower detection reliability for small, distant, or fast-moving objects."",""confidence"":1.0,""description"":""Image sharpness is below the recommended range.""},{""type"":""underexposure"",""severity"":""critical"",""metric"":""dark_pixel_ratio"",""value"":99.67,""threshold"":50.0,""impact"":""Severe shadow clipping may hide pedestrians, vehicles, road markings, and other scene details."",""confidence"":1.0,""description"":""A large portion of the image contains severely dark pixels.""},{""type"":""severe_visual_degradation"",""severity"":""critical"",""metric"":""degradation_signal_count"",""value"":3.0,""threshold"":3.0,""impact"":""Multiple quality failures indicate substantial loss of usable visual information. The image may be unreliable for smart-city analytics."",""confidence"":1.0,""description"":""Multiple independent image-quality signals indicate severe visual degradation or possible corruption.""}]"
C:\Users\Shreya Dubey\OneDrive\Documents\Projects\visionguard\datasets\smart_city_benchmark\low_light\images\lol_low_066.png,Low-Light Evaluation,LOL,18,0.0,CRITICAL / REJECT,"[{""type"":""insufficient_sharpness"",""severity"":""high"",""metric"":""laplacian_variance"",""value"":25.08,""threshold"":40.0,""impact"":""Reduced edge detail may lower detection reliability for small, distant, or fast-moving objects."",""confidence"":1.0,""description"":""Image sharpness is below the recommended range.""},{""type"":""underexposure"",""severity"":""critical"",""metric"":""dark_pixel_ratio"",""value"":100.0,""threshold"":50.0,""impact"":""Severe shadow clipping may hide pedestrians, vehicles, road markings, and other scene details."",""confidence"":1.0,""description"":""A large portion of the image contains severely dark pixels.""},{""type"":""severe_visual_degradation"",""severity"":""critical"",""metric"":""degradation_signal_count"",""value"":3.0,""threshold"":3.0,""impact"":""Multiple quality failures indicate substantial loss of usable visual information. The image may be unreliable for smart-city analytics."",""confidence"":1.0,""description"":""Multiple independent image-quality signals indicate severe visual degradation or possible corruption.""}]"
C:\Users\Shreya Dubey\OneDrive\Documents\Projects\visionguard\datasets\smart_city_benchmark\low_light\images\lol_low_067.png,Low-Light Evaluation,LOL,18,0.0,CRITICAL / REJECT,"[{""type"":""insufficient_sharpness"",""severity"":""high"",""metric"":""laplacian_variance"",""value"":27.9,""threshold"":40.0,""impact"":""Reduced edge detail may lower detection reliability for small, distant, or fast-moving objects."",""confidence"":1.0,""description"":""Image sharpness is below the recommended range.""},{""type"":""underexposure"",""severity"":""critical"",""metric"":""dark_pixel_ratio"",""value"":100.0,""threshold"":50.0,""impact"":""Severe shadow clipping may hide pedestrians, vehicles, road markings, and other scene details."",""confidence"":1.0,""description"":""A large portion of the image contains severely dark pixels.""},{""type"":""severe_visual_degradation"",""severity"":""critical"",""metric"":""degradation_signal_count"",""value"":3.0,""threshold"":3.0,""impact"":""Multiple quality failures indicate substantial loss of usable visual information. The image may be unreliable for smart-city analytics."",""confidence"":1.0,""description"":""Multiple independent image-quality signals indicate severe visual degradation or possible corruption.""}]"
C:\Users\Shreya Dubey\OneDrive\Documents\Projects\visionguard\datasets\smart_city_benchmark\low_light\images\lol_low_068.png,Low-Light Evaluation,LOL,38,3.29,CRITICAL / REJECT,"[{""type"":""underexposure"",""severity"":""critical"",""metric"":""dark_pixel_ratio"",""value"":83.69,""threshold"":50.0,""impact"":""Severe shadow clipping may hide pedestrians, vehicles, road markings, and other scene details."",""confidence"":1.0,""description"":""A large portion of the image contains severely dark pixels.""},{""type"":""low_contrast"",""severity"":""high"",""metric"":""contrast"",""value"":13.44,""threshold"":20.0,""impact"":""Weak contrast may reduce separation between objects and their background."",""confidence"":1.0,""description"":""Image contrast is below the recommended range.""}]"
C:\Users\Shreya Dubey\OneDrive\Documents\Projects\visionguard\datasets\smart_city_benchmark\low_light\images\lol_low_069.png,Low-Light Evaluation,LOL,18,0.0,CRITICAL / REJECT,"[{""type"":""insufficient_sharpness"",""severity"":""high"",""metric"":""laplacian_variance"",""value"":24.19,""threshold"":40.0,""impact"":""Reduced edge detail may lower detection reliability for small, distant, or fast-moving objects."",""confidence"":1.0,""description"":""Image sharpness is below the recommended range.""},{""type"":""underexposure"",""severity"":""critical"",""metric"":""dark_pixel_ratio"",""value"":99.42,""threshold"":50.0,""impact"":""Severe shadow clipping may hide pedestrians, vehicles, road markings, and other scene details."",""confidence"":1.0,""description"":""A large portion of the image contains severely dark pixels.""},{""type"":""severe_visual_degradation"",""severity"":""critical"",""metric"":""degradation_signal_count"",""value"":3.0,""threshold"":3.0,""impact"":""Multiple quality failures indicate substantial loss of usable visual information. The image may be unreliable for smart-city analytics."",""confidence"":1.0,""description"":""Multiple independent image-quality signals indicate severe visual degradation or possible corruption.""}]"
C:\Users\Shreya Dubey\OneDrive\Documents\Projects\visionguard\datasets\smart_city_benchmark\low_light\images\lol_low_070.png,Low-Light Evaluation,LOL,18,0.0,CRITICAL / REJECT,"[{""type"":""insufficient_sharpness"",""severity"":""high"",""metric"":""laplacian_variance"",""value"":18.99,""threshold"":40.0,""impact"":""Reduced edge detail may lower detection reliability for small, distant, or fast-moving objects."",""confidence"":1.0,""description"":""Image sharpness is below the recommended range.""},{""type"":""underexposure"",""severity"":""critical"",""metric"":""dark_pixel_ratio"",""value"":99.7,""threshold"":50.0,""impact"":""Severe shadow clipping may hide pedestrians, vehicles, road markings, and other scene details."",""confidence"":1.0,""description"":""A large portion of the image contains severely dark pixels.""},{""type"":""severe_visual_degradation"",""severity"":""critical"",""metric"":""degradation_signal_count"",""value"":4.0,""threshold"":3.0,""impact"":""Multiple quality failures indicate substantial loss of usable visual information. The image may be unreliable for smart-city analytics."",""confidence"":1.0,""description"":""Multiple independent image-quality signals indicate severe visual degradation or possible corruption.""}]"
C:\Users\Shreya Dubey\OneDrive\Documents\Projects\visionguard\datasets\smart_city_benchmark\low_light\images\lol_low_071.png,Low-Light Evaluation,LOL,33,0.0,CRITICAL / REJECT,"[{""type"":""insufficient_sharpness"",""severity"":""high"",""metric"":""laplacian_variance"",""value"":28.66,""threshold"":40.0,""impact"":""Reduced edge detail may lower detection reliability for small, distant, or fast-moving objects."",""confidence"":1.0,""description"":""Image sharpness is below the recommended range.""},{""type"":""underexposure"",""severity"":""critical"",""metric"":""dark_pixel_ratio"",""value"":95.39,""threshold"":50.0,""impact"":""Severe shadow clipping may hide pedestrians, vehicles, road markings, and other scene details."",""confidence"":1.0,""description"":""A large portion of the image contains severely dark pixels.""},{""type"":""severe_visual_degradation"",""severity"":""critical"",""metric"":""degradation_signal_count"",""value"":3.0,""threshold"":3.0,""impact"":""Multiple quality failures indicate substantial loss of usable visual information. The image may be unreliable for smart-city analytics."",""confidence"":1.0,""description"":""Multiple independent image-quality signals indicate severe visual degradation or possible corruption.""}]"
C:\Users\Shreya Dubey\OneDrive\Documents\Projects\visionguard\datasets\smart_city_benchmark\low_light\images\lol_low_072.png,Low-Light Evaluation,LOL,32,0.0,CRITICAL / REJECT,"[{""type"":""insufficient_sharpness"",""severity"":""high"",""metric"":""laplacian_variance"",""value"":28.53,""threshold"":40.0,""impact"":""Reduced edge detail may lower detection reliability for small, distant, or fast-moving objects."",""confidence"":1.0,""description"":""Image sharpness is below the recommended range.""},{""type"":""underexposure"",""severity"":""critical"",""metric"":""dark_pixel_ratio"",""value"":94.71,""threshold"":50.0,""impact"":""Severe shadow clipping may hide pedestrians, vehicles, road markings, and other scene details."",""confidence"":1.0,""description"":""A large portion of the image contains severely dark pixels.""},{""type"":""severe_visual_degradation"",""severity"":""critical"",""metric"":""degradation_signal_count"",""value"":3.0,""threshold"":3.0,""impact"":""Multiple quality failures indicate substantial loss of usable visual information. The image may be unreliable for smart-city analytics."",""confidence"":1.0,""description"":""Multiple independent image-quality signals indicate severe visual degradation or possible corruption.""}]"
C:\Users\Shreya Dubey\OneDrive\Documents\Projects\visionguard\datasets\smart_city_benchmark\low_light\images\lol_low_073.png,Low-Light Evaluation,LOL,34,0.0,CRITICAL / REJECT,"[{""type"":""insufficient_sharpness"",""severity"":""high"",""metric"":""laplacian_variance"",""value"":37.04,""threshold"":40.0,""impact"":""Reduced edge detail may lower detection reliability for small, distant, or fast-moving objects."",""confidence"":1.0,""description"":""Image sharpness is below the recommended range.""},{""type"":""underexposure"",""severity"":""critical"",""metric"":""dark_pixel_ratio"",""value"":91.1,""threshold"":50.0,""impact"":""Severe shadow clipping may hide pedestrians, vehicles, road markings, and other scene details."",""confidence"":1.0,""description"":""A large portion of the image contains severely dark pixels.""},{""type"":""low_contrast"",""severity"":""high"",""metric"":""contrast"",""value"":15.07,""threshold"":20.0,""impact"":""Weak contrast may reduce separation between objects and their background."",""confidence"":1.0,""description"":""Image contrast is below the recommended range.""}]"
C:\Users\Shreya Dubey\OneDrive\Documents\Projects\visionguard\datasets\smart_city_benchmark\low_light\images\lol_low_074.png,Low-Light Evaluation,LOL,34,0.0,CRITICAL / REJECT,"[{""type"":""insufficient_sharpness"",""severity"":""high"",""metric"":""laplacian_variance"",""value"":36.32,""threshold"":40.0,""impact"":""Reduced edge detail may lower detection reliability for small, distant, or fast-moving objects."",""confidence"":1.0,""description"":""Image sharpness is below the recommended range.""},{""type"":""underexposure"",""severity"":""critical"",""metric"":""dark_pixel_ratio"",""value"":91.1,""threshold"":50.0,""impact"":""Severe shadow clipping may hide pedestrians, vehicles, road markings, and other scene details."",""confidence"":1.0,""description"":""A large portion of the image contains severely dark pixels.""},{""type"":""low_contrast"",""severity"":""high"",""metric"":""contrast"",""value"":15.06,""threshold"":20.0,""impact"":""Weak contrast may reduce separation between objects and their background."",""confidence"":1.0,""description"":""Image contrast is below the recommended range.""}]"
C:\Users\Shreya Dubey\OneDrive\Documents\Projects\visionguard\datasets\smart_city_benchmark\low_light\images\lol_low_075.png,Low-Light Evaluation,LOL,18,0.0,CRITICAL / REJECT,"[{""type"":""insufficient_sharpness"",""severity"":""high"",""metric"":""laplacian_variance"",""value"":24.29,""threshold"":40.0,""impact"":""Reduced edge detail may lower detection reliability for small, distant, or fast-moving objects."",""confidence"":1.0,""description"":""Image sharpness is below the recommended range.""},{""type"":""underexposure"",""severity"":""critical"",""metric"":""dark_pixel_ratio"",""value"":100.0,""threshold"":50.0,""impact"":""Severe shadow clipping may hide pedestrians, vehicles, road markings, and other scene details."",""confidence"":1.0,""description"":""A large portion of the image contains severely dark pixels.""},{""type"":""severe_visual_degradation"",""severity"":""critical"",""metric"":""degradation_signal_count"",""value"":3.0,""threshold"":3.0,""impact"":""Multiple quality failures indicate substantial loss of usable visual information. The image may be unreliable for smart-city analytics."",""confidence"":1.0,""description"":""Multiple independent image-quality signals indicate severe visual degradation or possible corruption.""}]"
C:\Users\Shreya Dubey\OneDrive\Documents\Projects\visionguard\datasets\smart_city_benchmark\low_light\images\lol_low_076.png,Low-Light Evaluation,LOL,18,0.0,CRITICAL / REJECT,"[{""type"":""insufficient_sharpness"",""severity"":""high"",""metric"":""laplacian_variance"",""value"":23.44,""threshold"":40.0,""impact"":""Reduced edge detail may lower detection reliability for small, distant, or fast-moving objects."",""confidence"":1.0,""description"":""Image sharpness is below the recommended range.""},{""type"":""underexposure"",""severity"":""critical"",""metric"":""dark_pixel_ratio"",""value"":81.83,""threshold"":50.0,""impact"":""Severe shadow clipping may hide pedestrians, vehicles, road markings, and other scene details."",""confidence"":1.0,""description"":""A large portion of the image contains severely dark pixels.""},{""type"":""severe_visual_degradation"",""severity"":""critical"",""metric"":""degradation_signal_count"",""value"":3.0,""threshold"":3.0,""impact"":""Multiple quality failures indicate substantial loss of usable visual information. The image may be unreliable for smart-city analytics."",""confidence"":1.0,""description"":""Multiple independent image-quality signals indicate severe visual degradation or possible corruption.""}]"
C:\Users\Shreya Dubey\OneDrive\Documents\Projects\visionguard\datasets\smart_city_benchmark\low_light\images\lol_low_077.png,Low-Light Evaluation,LOL,32,0.0,CRITICAL / REJECT,"[{""type"":""underexposure"",""severity"":""critical"",""metric"":""dark_pixel_ratio"",""value"":95.89,""threshold"":50.0,""impact"":""Severe shadow clipping may hide pedestrians, vehicles, road markings, and other scene details."",""confidence"":1.0,""description"":""A large portion of the image contains severely dark pixels.""},{""type"":""severe_visual_degradation"",""severity"":""critical"",""metric"":""degradation_signal_count"",""value"":3.0,""threshold"":3.0,""impact"":""Multiple quality failures indicate substantial loss of usable visual information. The image may be unreliable for smart-city analytics."",""confidence"":1.0,""description"":""Multiple independent image-quality signals indicate severe visual degradation or possible corruption.""}]"
C:\Users\Shreya Dubey\OneDrive\Documents\Projects\visionguard\datasets\smart_city_benchmark\low_light\images\lol_low_078.png,Low-Light Evaluation,LOL,34,9.41,CRITICAL / REJECT,"[{""type"":""underexposure"",""severity"":""critical"",""metric"":""dark_pixel_ratio"",""value"":46.11,""threshold"":50.0,""impact"":""Severe shadow clipping may hide pedestrians, vehicles, road markings, and other scene details."",""confidence"":1.0,""description"":""A large portion of the image contains severely dark pixels.""}]"
C:\Users\Shreya Dubey\OneDrive\Documents\Projects\visionguard\datasets\smart_city_benchmark\low_light\images\lol_low_079.png,Low-Light Evaluation,LOL,32,0.0,CRITICAL / REJECT,"[{""type"":""insufficient_sharpness"",""severity"":""high"",""metric"":""laplacian_variance"",""value"":36.61,""threshold"":40.0,""impact"":""Reduced edge detail may lower detection reliability for small, distant, or fast-moving objects."",""confidence"":1.0,""description"":""Image sharpness is below the recommended range.""},{""type"":""underexposure"",""severity"":""critical"",""metric"":""dark_pixel_ratio"",""value"":96.56,""threshold"":50.0,""impact"":""Severe shadow clipping may hide pedestrians, vehicles, road markings, and other scene details."",""confidence"":1.0,""description"":""A large portion of the image contains severely dark pixels.""},{""type"":""severe_visual_degradation"",""severity"":""critical"",""metric"":""degradation_signal_count"",""value"":3.0,""threshold"":3.0,""impact"":""Multiple quality failures indicate substantial loss of usable visual information. The image may be unreliable for smart-city analytics."",""confidence"":1.0,""description"":""Multiple independent image-quality signals indicate severe visual degradation or possible corruption.""}]"
C:\Users\Shreya Dubey\OneDrive\Documents\Projects\visionguard\datasets\smart_city_benchmark\low_light\images\lol_low_080.png,Low-Light Evaluation,LOL,18,0.0,CRITICAL / REJECT,"[{""type"":""insufficient_sharpness"",""severity"":""high"",""metric"":""laplacian_variance"",""value"":22.55,""threshold"":40.0,""impact"":""Reduced edge detail may lower detection reliability for small, distant, or fast-moving objects."",""confidence"":1.0,""description"":""Image sharpness is below the recommended range.""},{""type"":""underexposure"",""severity"":""critical"",""metric"":""dark_pixel_ratio"",""value"":100.0,""threshold"":50.0,""impact"":""Severe shadow clipping may hide pedestrians, vehicles, road markings, and other scene details."",""confidence"":1.0,""description"":""A large portion of the image contains severely dark pixels.""},{""type"":""severe_visual_degradation"",""severity"":""critical"",""metric"":""degradation_signal_count"",""value"":3.0,""threshold"":3.0,""impact"":""Multiple quality failures indicate substantial loss of usable visual information. The image may be unreliable for smart-city analytics."",""confidence"":1.0,""description"":""Multiple independent image-quality signals indicate severe visual degradation or possible corruption.""}]"
C:\Users\Shreya Dubey\OneDrive\Documents\Projects\visionguard\datasets\smart_city_benchmark\low_light\images\lol_low_081.png,Low-Light Evaluation,LOL,18,0.0,CRITICAL / REJECT,"[{""type"":""insufficient_sharpness"",""severity"":""high"",""metric"":""laplacian_variance"",""value"":27.4,""threshold"":40.0,""impact"":""Reduced edge detail may lower detection reliability for small, distant, or fast-moving objects."",""confidence"":1.0,""description"":""Image sharpness is below the recommended range.""},{""type"":""underexposure"",""severity"":""critical"",""metric"":""dark_pixel_ratio"",""value"":100.0,""threshold"":50.0,""impact"":""Severe shadow clipping may hide pedestrians, vehicles, road markings, and other scene details."",""confidence"":1.0,""description"":""A large portion of the image contains severely dark pixels.""},{""type"":""severe_visual_degradation"",""severity"":""critical"",""metric"":""degradation_signal_count"",""value"":3.0,""threshold"":3.0,""impact"":""Multiple quality failures indicate substantial loss of usable visual information. The image may be unreliable for smart-city analytics."",""confidence"":1.0,""description"":""Multiple independent image-quality signals indicate severe visual degradation or possible corruption.""}]"
C:\Users\Shreya Dubey\OneDrive\Documents\Projects\visionguard\datasets\smart_city_benchmark\low_light\images\lol_low_082.png,Low-Light Evaluation,LOL,18,0.0,CRITICAL / REJECT,"[{""type"":""insufficient_sharpness"",""severity"":""high"",""metric"":""laplacian_variance"",""value"":29.45,""threshold"":40.0,""impact"":""Reduced edge detail may lower detection reliability for small, distant, or fast-moving objects."",""confidence"":1.0,""description"":""Image sharpness is below the recommended range.""},{""type"":""underexposure"",""severity"":""critical"",""metric"":""dark_pixel_ratio"",""value"":57.31,""threshold"":50.0,""impact"":""Severe shadow clipping may hide pedestrians, vehicles, road markings, and other scene details."",""confidence"":1.0,""description"":""A large portion of the image contains severely dark pixels.""},{""type"":""severe_visual_degradation"",""severity"":""critical"",""metric"":""degradation_signal_count"",""value"":3.0,""threshold"":3.0,""impact"":""Multiple quality failures indicate substantial loss of usable visual information. The image may be unreliable for smart-city analytics."",""confidence"":1.0,""description"":""Multiple independent image-quality signals indicate severe visual degradation or possible corruption.""}]"
C:\Users\Shreya Dubey\OneDrive\Documents\Projects\visionguard\datasets\smart_city_benchmark\low_light\images\lol_low_083.png,Low-Light Evaluation,LOL,18,0.0,CRITICAL / REJECT,"[{""type"":""insufficient_sharpness"",""severity"":""high"",""metric"":""laplacian_variance"",""value"":27.16,""threshold"":40.0,""impact"":""Reduced edge detail may lower detection reliability for small, distant, or fast-moving objects."",""confidence"":1.0,""description"":""Image sharpness is below the recommended range.""},{""type"":""underexposure"",""severity"":""critical"",""metric"":""dark_pixel_ratio"",""value"":100.0,""threshold"":50.0,""impact"":""Severe shadow clipping may hide pedestrians, vehicles, road markings, and other scene details."",""confidence"":1.0,""description"":""A large portion of the image contains severely dark pixels.""},{""type"":""severe_visual_degradation"",""severity"":""critical"",""metric"":""degradation_signal_count"",""value"":3.0,""threshold"":3.0,""impact"":""Multiple quality failures indicate substantial loss of usable visual information. The image may be unreliable for smart-city analytics."",""confidence"":1.0,""description"":""Multiple independent image-quality signals indicate severe visual degradation or possible corruption.""}]"
C:\Users\Shreya Dubey\OneDrive\Documents\Projects\visionguard\datasets\smart_city_benchmark\low_light\images\lol_low_084.png,Low-Light Evaluation,LOL,34,9.41,CRITICAL / REJECT,"[{""type"":""underexposure"",""severity"":""critical"",""metric"":""dark_pixel_ratio"",""value"":68.13,""threshold"":50.0,""impact"":""Severe shadow clipping may hide pedestrians, vehicles, road markings, and other scene details."",""confidence"":1.0,""description"":""A large portion of the image contains severely dark pixels.""}]"
C:\Users\Shreya Dubey\OneDrive\Documents\Projects\visionguard\datasets\smart_city_benchmark\low_light\images\lol_low_085.png,Low-Light Evaluation,LOL,18,0.0,CRITICAL / REJECT,"[{""type"":""insufficient_sharpness"",""severity"":""high"",""metric"":""laplacian_variance"",""value"":20.86,""threshold"":40.0,""impact"":""Reduced edge detail may lower detection reliability for small, distant, or fast-moving objects."",""confidence"":1.0,""description"":""Image sharpness is below the recommended range.""},{""type"":""underexposure"",""severity"":""critical"",""metric"":""dark_pixel_ratio"",""value"":100.0,""threshold"":50.0,""impact"":""Severe shadow clipping may hide pedestrians, vehicles, road markings, and other scene details."",""confidence"":1.0,""description"":""A large portion of the image contains severely dark pixels.""},{""type"":""severe_visual_degradation"",""severity"":""critical"",""metric"":""degradation_signal_count"",""value"":3.0,""threshold"":3.0,""impact"":""Multiple quality failures indicate substantial loss of usable visual information. The image may be unreliable for smart-city analytics."",""confidence"":1.0,""description"":""Multiple independent image-quality signals indicate severe visual degradation or possible corruption.""}]"
C:\Users\Shreya Dubey\OneDrive\Documents\Projects\visionguard\datasets\smart_city_benchmark\low_light\images\lol_low_086.png,Low-Light Evaluation,LOL,33,0.0,CRITICAL / REJECT,"[{""type"":""underexposure"",""severity"":""critical"",""metric"":""dark_pixel_ratio"",""value"":52.27,""threshold"":50.0,""impact"":""Severe shadow clipping may hide pedestrians, vehicles, road markings, and other scene details."",""confidence"":1.0,""description"":""A large portion of the image contains severely dark pixels.""},{""type"":""low_contrast"",""severity"":""high"",""metric"":""contrast"",""value"":18.3,""threshold"":20.0,""impact"":""Weak contrast may reduce separation between objects and their background."",""confidence"":1.0,""description"":""Image contrast is below the recommended range.""}]"
C:\Users\Shreya Dubey\OneDrive\Documents\Projects\visionguard\datasets\smart_city_benchmark\low_light\images\lol_low_087.png,Low-Light Evaluation,LOL,40,4.67,CRITICAL / REJECT,"[{""type"":""underexposure"",""severity"":""critical"",""metric"":""dark_pixel_ratio"",""value"":75.86,""threshold"":50.0,""impact"":""Severe shadow clipping may hide pedestrians, vehicles, road markings, and other scene details."",""confidence"":1.0,""description"":""A large portion of the image contains severely dark pixels.""},{""type"":""low_contrast"",""severity"":""high"",""metric"":""contrast"",""value"":15.26,""threshold"":20.0,""impact"":""Weak contrast may reduce separation between objects and their background."",""confidence"":1.0,""description"":""Image contrast is below the recommended range.""}]"
C:\Users\Shreya Dubey\OneDrive\Documents\Projects\visionguard\datasets\smart_city_benchmark\low_light\images\lol_low_088.png,Low-Light Evaluation,LOL,18,0.0,CRITICAL / REJECT,"[{""type"":""insufficient_sharpness"",""severity"":""high"",""metric"":""laplacian_variance"",""value"":23.91,""threshold"":40.0,""impact"":""Reduced edge detail may lower detection reliability for small, distant, or fast-moving objects."",""confidence"":1.0,""description"":""Image sharpness is below the recommended range.""},{""type"":""underexposure"",""severity"":""critical"",""metric"":""dark_pixel_ratio"",""value"":99.97,""threshold"":50.0,""impact"":""Severe shadow clipping may hide pedestrians, vehicles, road markings, and other scene details."",""confidence"":1.0,""description"":""A large portion of the image contains severely dark pixels.""},{""type"":""severe_visual_degradation"",""severity"":""critical"",""metric"":""degradation_signal_count"",""value"":3.0,""threshold"":3.0,""impact"":""Multiple quality failures indicate substantial loss of usable visual information. The image may be unreliable for smart-city analytics."",""confidence"":1.0,""description"":""Multiple independent image-quality signals indicate severe visual degradation or possible corruption.""}]"
C:\Users\Shreya Dubey\OneDrive\Documents\Projects\visionguard\datasets\smart_city_benchmark\low_light\images\lol_low_089.png,Low-Light Evaluation,LOL,28,0.0,CRITICAL / REJECT,"[{""type"":""insufficient_sharpness"",""severity"":""high"",""metric"":""laplacian_variance"",""value"":35.52,""threshold"":40.0,""impact"":""Reduced edge detail may lower detection reliability for small, distant, or fast-moving objects."",""confidence"":1.0,""description"":""Image sharpness is below the recommended range.""},{""type"":""underexposure"",""severity"":""critical"",""metric"":""dark_pixel_ratio"",""value"":82.38,""threshold"":50.0,""impact"":""Severe shadow clipping may hide pedestrians, vehicles, road markings, and other scene details."",""confidence"":1.0,""description"":""A large portion of the image contains severely dark pixels.""},{""type"":""severe_visual_degradation"",""severity"":""critical"",""metric"":""degradation_signal_count"",""value"":3.0,""threshold"":3.0,""impact"":""Multiple quality failures indicate substantial loss of usable visual information. The image may be unreliable for smart-city analytics."",""confidence"":1.0,""description"":""Multiple independent image-quality signals indicate severe visual degradation or possible corruption.""}]"
C:\Users\Shreya Dubey\OneDrive\Documents\Projects\visionguard\datasets\smart_city_benchmark\low_light\images\lol_low_090.png,Low-Light Evaluation,LOL,38,0.0,CRITICAL / REJECT,"[{""type"":""underexposure"",""severity"":""critical"",""metric"":""dark_pixel_ratio"",""value"":71.29,""threshold"":50.0,""impact"":""Severe shadow clipping may hide pedestrians, vehicles, road markings, and other scene details."",""confidence"":1.0,""description"":""A large portion of the image contains severely dark pixels.""},{""type"":""severe_visual_degradation"",""severity"":""critical"",""metric"":""degradation_signal_count"",""value"":3.0,""threshold"":3.0,""impact"":""Multiple quality failures indicate substantial loss of usable visual information. The image may be unreliable for smart-city analytics."",""confidence"":1.0,""description"":""Multiple independent image-quality signals indicate severe visual degradation or possible corruption.""}]"
C:\Users\Shreya Dubey\OneDrive\Documents\Projects\visionguard\datasets\smart_city_benchmark\low_light\images\lol_low_091.png,Low-Light Evaluation,LOL,18,0.0,CRITICAL / REJECT,"[{""type"":""insufficient_sharpness"",""severity"":""high"",""metric"":""laplacian_variance"",""value"":28.56,""threshold"":40.0,""impact"":""Reduced edge detail may lower detection reliability for small, distant, or fast-moving objects."",""confidence"":1.0,""description"":""Image sharpness is below the recommended range.""},{""type"":""underexposure"",""severity"":""critical"",""metric"":""dark_pixel_ratio"",""value"":100.0,""threshold"":50.0,""impact"":""Severe shadow clipping may hide pedestrians, vehicles, road markings, and other scene details."",""confidence"":1.0,""description"":""A large portion of the image contains severely dark pixels.""},{""type"":""severe_visual_degradation"",""severity"":""critical"",""metric"":""degradation_signal_count"",""value"":3.0,""threshold"":3.0,""impact"":""Multiple quality failures indicate substantial loss of usable visual information. The image may be unreliable for smart-city analytics."",""confidence"":1.0,""description"":""Multiple independent image-quality signals indicate severe visual degradation or possible corruption.""}]"
C:\Users\Shreya Dubey\OneDrive\Documents\Projects\visionguard\datasets\smart_city_benchmark\low_light\images\lol_low_092.png,Low-Light Evaluation,LOL,39,0.0,CRITICAL / REJECT,"[{""type"":""underexposure"",""severity"":""critical"",""metric"":""dark_pixel_ratio"",""value"":75.33,""threshold"":50.0,""impact"":""Severe shadow clipping may hide pedestrians, vehicles, road markings, and other scene details."",""confidence"":1.0,""description"":""A large portion of the image contains severely dark pixels.""},{""type"":""severe_visual_degradation"",""severity"":""critical"",""metric"":""degradation_signal_count"",""value"":3.0,""threshold"":3.0,""impact"":""Multiple quality failures indicate substantial loss of usable visual information. The image may be unreliable for smart-city analytics."",""confidence"":1.0,""description"":""Multiple independent image-quality signals indicate severe visual degradation or possible corruption.""}]"
C:\Users\Shreya Dubey\OneDrive\Documents\Projects\visionguard\datasets\smart_city_benchmark\low_light\images\lol_low_093.png,Low-Light Evaluation,LOL,32,0.0,CRITICAL / REJECT,"[{""type"":""underexposure"",""severity"":""critical"",""metric"":""dark_pixel_ratio"",""value"":68.91,""threshold"":50.0,""impact"":""Severe shadow clipping may hide pedestrians, vehicles, road markings, and other scene details."",""confidence"":1.0,""description"":""A large portion of the image contains severely dark pixels.""},{""type"":""severe_visual_degradation"",""severity"":""critical"",""metric"":""degradation_signal_count"",""value"":3.0,""threshold"":3.0,""impact"":""Multiple quality failures indicate substantial loss of usable visual information. The image may be unreliable for smart-city analytics."",""confidence"":1.0,""description"":""Multiple independent image-quality signals indicate severe visual degradation or possible corruption.""}]"
C:\Users\Shreya Dubey\OneDrive\Documents\Projects\visionguard\datasets\smart_city_benchmark\low_light\images\lol_low_094.png,Low-Light Evaluation,LOL,28,0.0,CRITICAL / REJECT,"[{""type"":""insufficient_sharpness"",""severity"":""high"",""metric"":""laplacian_variance"",""value"":31.67,""threshold"":40.0,""impact"":""Reduced edge detail may lower detection reliability for small, distant, or fast-moving objects."",""confidence"":1.0,""description"":""Image sharpness is below the recommended range.""},{""type"":""underexposure"",""severity"":""critical"",""metric"":""dark_pixel_ratio"",""value"":98.89,""threshold"":50.0,""impact"":""Severe shadow clipping may hide pedestrians, vehicles, road markings, and other scene details."",""confidence"":1.0,""description"":""A large portion of the image contains severely dark pixels.""},{""type"":""severe_visual_degradation"",""severity"":""critical"",""metric"":""degradation_signal_count"",""value"":3.0,""threshold"":3.0,""impact"":""Multiple quality failures indicate substantial loss of usable visual information. The image may be unreliable for smart-city analytics."",""confidence"":1.0,""description"":""Multiple independent image-quality signals indicate severe visual degradation or possible corruption.""}]"
C:\Users\Shreya Dubey\OneDrive\Documents\Projects\visionguard\datasets\smart_city_benchmark\low_light\images\lol_low_095.png,Low-Light Evaluation,LOL,18,0.0,CRITICAL / REJECT,"[{""type"":""insufficient_sharpness"",""severity"":""high"",""metric"":""laplacian_variance"",""value"":25.99,""threshold"":40.0,""impact"":""Reduced edge detail may lower detection reliability for small, distant, or fast-moving objects."",""confidence"":1.0,""description"":""Image sharpness is below the recommended range.""},{""type"":""underexposure"",""severity"":""critical"",""metric"":""dark_pixel_ratio"",""value"":100.0,""threshold"":50.0,""impact"":""Severe shadow clipping may hide pedestrians, vehicles, road markings, and other scene details."",""confidence"":1.0,""description"":""A large portion of the image contains severely dark pixels.""},{""type"":""severe_visual_degradation"",""severity"":""critical"",""metric"":""degradation_signal_count"",""value"":4.0,""threshold"":3.0,""impact"":""Multiple quality failures indicate substantial loss of usable visual information. The image may be unreliable for smart-city analytics."",""confidence"":1.0,""description"":""Multiple independent image-quality signals indicate severe visual degradation or possible corruption.""}]"
C:\Users\Shreya Dubey\OneDrive\Documents\Projects\visionguard\datasets\smart_city_benchmark\low_light\images\lol_low_096.png,Low-Light Evaluation,LOL,18,0.0,CRITICAL / REJECT,"[{""type"":""insufficient_sharpness"",""severity"":""high"",""metric"":""laplacian_variance"",""value"":30.82,""threshold"":40.0,""impact"":""Reduced edge detail may lower detection reliability for small, distant, or fast-moving objects."",""confidence"":1.0,""description"":""Image sharpness is below the recommended range.""},{""type"":""underexposure"",""severity"":""critical"",""metric"":""dark_pixel_ratio"",""value"":100.0,""threshold"":50.0,""impact"":""Severe shadow clipping may hide pedestrians, vehicles, road markings, and other scene details."",""confidence"":1.0,""description"":""A large portion of the image contains severely dark pixels.""},{""type"":""severe_visual_degradation"",""severity"":""critical"",""metric"":""degradation_signal_count"",""value"":3.0,""threshold"":3.0,""impact"":""Multiple quality failures indicate substantial loss of usable visual information. The image may be unreliable for smart-city analytics."",""confidence"":1.0,""description"":""Multiple independent image-quality signals indicate severe visual degradation or possible corruption.""}]"
C:\Users\Shreya Dubey\OneDrive\Documents\Projects\visionguard\datasets\smart_city_benchmark\low_light\images\lol_low_097.png,Low-Light Evaluation,LOL,18,0.0,CRITICAL / REJECT,"[{""type"":""insufficient_sharpness"",""severity"":""high"",""metric"":""laplacian_variance"",""value"":26.62,""threshold"":40.0,""impact"":""Reduced edge detail may lower detection reliability for small, distant, or fast-moving objects."",""confidence"":1.0,""description"":""Image sharpness is below the recommended range.""},{""type"":""underexposure"",""severity"":""critical"",""metric"":""dark_pixel_ratio"",""value"":99.77,""threshold"":50.0,""impact"":""Severe shadow clipping may hide pedestrians, vehicles, road markings, and other scene details."",""confidence"":1.0,""description"":""A large portion of the image contains severely dark pixels.""},{""type"":""severe_visual_degradation"",""severity"":""critical"",""metric"":""degradation_signal_count"",""value"":3.0,""threshold"":3.0,""impact"":""Multiple quality failures indicate substantial loss of usable visual information. The image may be unreliable for smart-city analytics."",""confidence"":1.0,""description"":""Multiple independent image-quality signals indicate severe visual degradation or possible corruption.""}]"
C:\Users\Shreya Dubey\OneDrive\Documents\Projects\visionguard\datasets\smart_city_benchmark\low_light\images\lol_low_098.png,Low-Light Evaluation,LOL,28,0.0,CRITICAL / REJECT,"[{""type"":""insufficient_sharpness"",""severity"":""high"",""metric"":""laplacian_variance"",""value"":30.84,""threshold"":40.0,""impact"":""Reduced edge detail may lower detection reliability for small, distant, or fast-moving objects."",""confidence"":1.0,""description"":""Image sharpness is below the recommended range.""},{""type"":""underexposure"",""severity"":""critical"",""metric"":""dark_pixel_ratio"",""value"":65.82,""threshold"":50.0,""impact"":""Severe shadow clipping may hide pedestrians, vehicles, road markings, and other scene details."",""confidence"":1.0,""description"":""A large portion of the image contains severely dark pixels.""},{""type"":""severe_visual_degradation"",""severity"":""critical"",""metric"":""degradation_signal_count"",""value"":3.0,""threshold"":3.0,""impact"":""Multiple quality failures indicate substantial loss of usable visual information. The image may be unreliable for smart-city analytics."",""confidence"":1.0,""description"":""Multiple independent image-quality signals indicate severe visual degradation or possible corruption.""}]"
C:\Users\Shreya Dubey\OneDrive\Documents\Projects\visionguard\datasets\smart_city_benchmark\low_light\images\lol_low_099.png,Low-Light Evaluation,LOL,18,0.0,CRITICAL / REJECT,"[{""type"":""insufficient_sharpness"",""severity"":""high"",""metric"":""laplacian_variance"",""value"":28.8,""threshold"":40.0,""impact"":""Reduced edge detail may lower detection reliability for small, distant, or fast-moving objects."",""confidence"":1.0,""description"":""Image sharpness is below the recommended range.""},{""type"":""underexposure"",""severity"":""critical"",""metric"":""dark_pixel_ratio"",""value"":99.65,""threshold"":50.0,""impact"":""Severe shadow clipping may hide pedestrians, vehicles, road markings, and other scene details."",""confidence"":1.0,""description"":""A large portion of the image contains severely dark pixels.""},{""type"":""severe_visual_degradation"",""severity"":""critical"",""metric"":""degradation_signal_count"",""value"":3.0,""threshold"":3.0,""impact"":""Multiple quality failures indicate substantial loss of usable visual information. The image may be unreliable for smart-city analytics."",""confidence"":1.0,""description"":""Multiple independent image-quality signals indicate severe visual degradation or possible corruption.""}]"
C:\Users\Shreya Dubey\OneDrive\Documents\Projects\visionguard\datasets\smart_city_benchmark\low_light\images\lol_low_100.png,Low-Light Evaluation,LOL,24,0.0,CRITICAL / REJECT,"[{""type"":""underexposure"",""severity"":""critical"",""metric"":""dark_pixel_ratio"",""value"":99.95,""threshold"":50.0,""impact"":""Severe shadow clipping may hide pedestrians, vehicles, road markings, and other scene details."",""confidence"":1.0,""description"":""A large portion of the image contains severely dark pixels.""},{""type"":""severe_visual_degradation"",""severity"":""critical"",""metric"":""degradation_signal_count"",""value"":3.0,""threshold"":3.0,""impact"":""Multiple quality failures indicate substantial loss of usable visual information. The image may be unreliable for smart-city analytics."",""confidence"":1.0,""description"":""Multiple independent image-quality signals indicate severe visual degradation or possible corruption.""}]"
C:\Users\Shreya Dubey\OneDrive\Documents\Projects\visionguard\datasets\smart_city_benchmark\traffic\images\bdd100k_traffic_001.jpg,Traffic Monitoring,BDD100K,51,51.39,LIMITED READINESS,[]
C:\Users\Shreya Dubey\OneDrive\Documents\Projects\visionguard\datasets\smart_city_benchmark\traffic\images\bdd100k_traffic_002.jpg,Traffic Monitoring,BDD100K,34,34.41,NOT READY,[]
C:\Users\Shreya Dubey\OneDrive\Documents\Projects\visionguard\datasets\smart_city_benchmark\traffic\images\bdd100k_traffic_003.jpg,Traffic Monitoring,BDD100K,58,13.23,CRITICAL / REJECT,"[{""type"":""insufficient_sharpness"",""severity"":""high"",""metric"":""laplacian_variance"",""value"":28.83,""threshold"":40.0,""impact"":""Reduced edge detail may lower detection reliability for small, distant, or fast-moving objects."",""confidence"":1.0,""description"":""Image sharpness is below the recommended range.""},{""type"":""underexposure"",""severity"":""critical"",""metric"":""dark_pixel_ratio"",""value"":50.75,""threshold"":50.0,""impact"":""Severe shadow clipping may hide pedestrians, vehicles, road markings, and other scene details."",""confidence"":1.0,""description"":""A large portion of the image contains severely dark pixels.""}]"
C:\Users\Shreya Dubey\OneDrive\Documents\Projects\visionguard\datasets\smart_city_benchmark\traffic\images\bdd100k_traffic_004.jpg,Traffic Monitoring,BDD100K,57,32.43,NOT READY,"[{""type"":""underexposure"",""severity"":""critical"",""metric"":""dark_pixel_ratio"",""value"":67.83,""threshold"":50.0,""impact"":""Severe shadow clipping may hide pedestrians, vehicles, road markings, and other scene details."",""confidence"":1.0,""description"":""A large portion of the image contains severely dark pixels.""}]"
C:\Users\Shreya Dubey\OneDrive\Documents\Projects\visionguard\datasets\smart_city_benchmark\traffic\images\bdd100k_traffic_005.jpg,Traffic Monitoring,BDD100K,59,34.32,NOT READY,"[{""type"":""underexposure"",""severity"":""critical"",""metric"":""dark_pixel_ratio"",""value"":56.67,""threshold"":50.0,""impact"":""Severe shadow clipping may hide pedestrians, vehicles, road markings, and other scene details."",""confidence"":1.0,""description"":""A large portion of the image contains severely dark pixels.""}]"
C:\Users\Shreya Dubey\OneDrive\Documents\Projects\visionguard\datasets\smart_city_benchmark\traffic\images\bdd100k_traffic_006.jpg,Traffic Monitoring,BDD100K,51,51.45,LIMITED READINESS,[]
C:\Users\Shreya Dubey\OneDrive\Documents\Projects\visionguard\datasets\smart_city_benchmark\traffic\images\bdd100k_traffic_007.jpg,Traffic Monitoring,BDD100K,51,51.39,LIMITED READINESS,[]
C:\Users\Shreya Dubey\OneDrive\Documents\Projects\visionguard\datasets\smart_city_benchmark\traffic\images\bdd100k_traffic_008.jpg,Traffic Monitoring,BDD100K,70,69.86,READY,[]
C:\Users\Shreya Dubey\OneDrive\Documents\Projects\visionguard\datasets\smart_city_benchmark\traffic\images\bdd100k_traffic_009.jpg,Traffic Monitoring,BDD100K,58,58.23,LIMITED READINESS,[]
C:\Users\Shreya Dubey\OneDrive\Documents\Projects\visionguard\datasets\smart_city_benchmark\traffic\images\bdd100k_traffic_010.jpg,Traffic Monitoring,BDD100K,74,48.71,LIMITED READINESS,"[{""type"":""underexposure"",""severity"":""critical"",""metric"":""dark_pixel_ratio"",""value"":60.38,""threshold"":50.0,""impact"":""Severe shadow clipping may hide pedestrians, vehicles, road markings, and other scene details."",""confidence"":1.0,""description"":""A large portion of the image contains severely dark pixels.""}]"
C:\Users\Shreya Dubey\OneDrive\Documents\Projects\visionguard\datasets\smart_city_benchmark\traffic\images\bdd100k_traffic_011.jpg,Traffic Monitoring,BDD100K,73,72.86,READY,[]
C:\Users\Shreya Dubey\OneDrive\Documents\Projects\visionguard\datasets\smart_city_benchmark\traffic\images\bdd100k_traffic_012.jpg,Traffic Monitoring,BDD100K,62,62.5,READY,[]
C:\Users\Shreya Dubey\OneDrive\Documents\Projects\visionguard\datasets\smart_city_benchmark\traffic\images\bdd100k_traffic_013.jpg,Traffic Monitoring,BDD100K,59,34.32,NOT READY,"[{""type"":""underexposure"",""severity"":""critical"",""metric"":""dark_pixel_ratio"",""value"":68.94,""threshold"":50.0,""impact"":""Severe shadow clipping may hide pedestrians, vehicles, road markings, and other scene details."",""confidence"":1.0,""description"":""A large portion of the image contains severely dark pixels.""}]"
C:\Users\Shreya Dubey\OneDrive\Documents\Projects\visionguard\datasets\smart_city_benchmark\traffic\images\bdd100k_traffic_014.jpg,Traffic Monitoring,BDD100K,58,43.23,LIMITED READINESS,"[{""type"":""underexposure"",""severity"":""high"",""metric"":""dark_pixel_ratio"",""value"":17.12,""threshold"":25.0,""impact"":""May reduce pedestrian and vehicle detection reliability."",""confidence"":1.0,""description"":""A significant portion of the image is underexposed.""}]"
C:\Users\Shreya Dubey\OneDrive\Documents\Projects\visionguard\datasets\smart_city_benchmark\traffic\images\bdd100k_traffic_015.jpg,Traffic Monitoring,BDD100K,51,26.39,NOT READY,"[{""type"":""underexposure"",""severity"":""critical"",""metric"":""dark_pixel_ratio"",""value"":64.32,""threshold"":50.0,""impact"":""Severe shadow clipping may hide pedestrians, vehicles, road markings, and other scene details."",""confidence"":1.0,""description"":""A large portion of the image contains severely dark pixels.""}]"
C:\Users\Shreya Dubey\OneDrive\Documents\Projects\visionguard\datasets\smart_city_benchmark\traffic\images\bdd100k_traffic_016.jpg,Traffic Monitoring,BDD100K,40,24.84,NOT READY,"[{""type"":""overexposure"",""severity"":""high"",""metric"":""bright_pixel_ratio"",""value"":17.86,""threshold"":10.0,""impact"":""Highlight clipping may reduce reliability of downstream visual analytics."",""confidence"":1.0,""description"":""Bright regions are losing visual information.""}]"
C:\Users\Shreya Dubey\OneDrive\Documents\Projects\visionguard\datasets\smart_city_benchmark\traffic\images\bdd100k_traffic_017.jpg,Traffic Monitoring,BDD100K,58,43.23,LIMITED READINESS,"[{""type"":""overexposure"",""severity"":""high"",""metric"":""bright_pixel_ratio"",""value"":10.71,""threshold"":10.0,""impact"":""Highlight clipping may reduce reliability of downstream visual analytics."",""confidence"":1.0,""description"":""Bright regions are losing visual information.""}]"
C:\Users\Shreya Dubey\OneDrive\Documents\Projects\visionguard\datasets\smart_city_benchmark\traffic\images\bdd100k_traffic_018.jpg,Traffic Monitoring,BDD100K,68,53.11,LIMITED READINESS,"[{""type"":""underexposure"",""severity"":""high"",""metric"":""dark_pixel_ratio"",""value"":24.18,""threshold"":25.0,""impact"":""May reduce pedestrian and vehicle detection reliability."",""confidence"":1.0,""description"":""A significant portion of the image is underexposed.""}]"
C:\Users\Shreya Dubey\OneDrive\Documents\Projects\visionguard\datasets\smart_city_benchmark\traffic\images\bdd100k_traffic_019.jpg,Traffic Monitoring,BDD100K,34,19.41,CRITICAL / REJECT,"[{""type"":""overexposure"",""severity"":""high"",""metric"":""bright_pixel_ratio"",""value"":13.42,""threshold"":10.0,""impact"":""Highlight clipping may reduce reliability of downstream visual analytics."",""confidence"":1.0,""description"":""Bright regions are losing visual information.""}]"
C:\Users\Shreya Dubey\OneDrive\Documents\Projects\visionguard\datasets\smart_city_benchmark\traffic\images\bdd100k_traffic_020.jpg,Traffic Monitoring,BDD100K,57,32.43,NOT READY,"[{""type"":""underexposure"",""severity"":""critical"",""metric"":""dark_pixel_ratio"",""value"":71.53,""threshold"":50.0,""impact"":""Severe shadow clipping may hide pedestrians, vehicles, road markings, and other scene details."",""confidence"":1.0,""description"":""A large portion of the image contains severely dark pixels.""}]"
C:\Users\Shreya Dubey\OneDrive\Documents\Projects\visionguard\datasets\smart_city_benchmark\traffic\images\bdd100k_traffic_021.jpg,Traffic Monitoring,BDD100K,51,26.39,NOT READY,"[{""type"":""underexposure"",""severity"":""critical"",""metric"":""dark_pixel_ratio"",""value"":87.36,""threshold"":50.0,""impact"":""Severe shadow clipping may hide pedestrians, vehicles, road markings, and other scene details."",""confidence"":1.0,""description"":""A large portion of the image contains severely dark pixels.""}]"
C:\Users\Shreya Dubey\OneDrive\Documents\Projects\visionguard\datasets\smart_city_benchmark\traffic\images\bdd100k_traffic_022.jpg,Traffic Monitoring,BDD100K,70,54.86,LIMITED READINESS,"[{""type"":""underexposure"",""severity"":""high"",""metric"":""dark_pixel_ratio"",""value"":15.36,""threshold"":25.0,""impact"":""May reduce pedestrian and vehicle detection reliability."",""confidence"":1.0,""description"":""A significant portion of the image is underexposed.""}]"
C:\Users\Shreya Dubey\OneDrive\Documents\Projects\visionguard\datasets\smart_city_benchmark\traffic\images\bdd100k_traffic_023.jpg,Traffic Monitoring,BDD100K,58,32.6,NOT READY,"[{""type"":""underexposure"",""severity"":""critical"",""metric"":""dark_pixel_ratio"",""value"":59.74,""threshold"":50.0,""impact"":""Severe shadow clipping may hide pedestrians, vehicles, road markings, and other scene details."",""confidence"":1.0,""description"":""A large portion of the image contains severely dark pixels.""}]"
C:\Users\Shreya Dubey\OneDrive\Documents\Projects\visionguard\datasets\smart_city_benchmark\traffic\images\bdd100k_traffic_024.jpg,Traffic Monitoring,BDD100K,51,26.39,NOT READY,"[{""type"":""underexposure"",""severity"":""critical"",""metric"":""dark_pixel_ratio"",""value"":74.74,""threshold"":50.0,""impact"":""Severe shadow clipping may hide pedestrians, vehicles, road markings, and other scene details."",""confidence"":1.0,""description"":""A large portion of the image contains severely dark pixels.""}]"
C:\Users\Shreya Dubey\OneDrive\Documents\Projects\visionguard\datasets\smart_city_benchmark\traffic\images\bdd100k_traffic_025.jpg,Traffic Monitoring,BDD100K,34,19.41,CRITICAL / REJECT,"[{""type"":""overexposure"",""severity"":""high"",""metric"":""bright_pixel_ratio"",""value"":11.17,""threshold"":10.0,""impact"":""Highlight clipping may reduce reliability of downstream visual analytics."",""confidence"":1.0,""description"":""Bright regions are losing visual information.""}]"
C:\Users\Shreya Dubey\OneDrive\Documents\Projects\visionguard\datasets\smart_city_benchmark\traffic\images\bdd100k_traffic_026.jpg,Traffic Monitoring,BDD100K,68,43.11,LIMITED READINESS,"[{""type"":""underexposure"",""severity"":""critical"",""metric"":""dark_pixel_ratio"",""value"":71.62,""threshold"":50.0,""impact"":""Severe shadow clipping may hide pedestrians, vehicles, road markings, and other scene details."",""confidence"":1.0,""description"":""A large portion of the image contains severely dark pixels.""}]"
C:\Users\Shreya Dubey\OneDrive\Documents\Projects\visionguard\datasets\smart_city_benchmark\traffic\images\bdd100k_traffic_027.jpg,Traffic Monitoring,BDD100K,34,34.41,NOT READY,[]
C:\Users\Shreya Dubey\OneDrive\Documents\Projects\visionguard\datasets\smart_city_benchmark\traffic\images\bdd100k_traffic_028.jpg,Traffic Monitoring,BDD100K,51,51.39,LIMITED READINESS,[]
C:\Users\Shreya Dubey\OneDrive\Documents\Projects\visionguard\datasets\smart_city_benchmark\traffic\images\bdd100k_traffic_029.jpg,Traffic Monitoring,BDD100K,63,62.98,READY,[]
C:\Users\Shreya Dubey\OneDrive\Documents\Projects\visionguard\datasets\smart_city_benchmark\traffic\images\bdd100k_traffic_030.jpg,Traffic Monitoring,BDD100K,51,51.39,LIMITED READINESS,[]
C:\Users\Shreya Dubey\OneDrive\Documents\Projects\visionguard\datasets\smart_city_benchmark\traffic\images\bdd100k_traffic_031.jpg,Traffic Monitoring,BDD100K,42,0.0,CRITICAL / REJECT,"[{""type"":""insufficient_sharpness"",""severity"":""high"",""metric"":""laplacian_variance"",""value"":33.77,""threshold"":40.0,""impact"":""Reduced edge detail may lower detection reliability for small, distant, or fast-moving objects."",""confidence"":1.0,""description"":""Image sharpness is below the recommended range.""},{""type"":""underexposure"",""severity"":""critical"",""metric"":""dark_pixel_ratio"",""value"":69.38,""threshold"":50.0,""impact"":""Severe shadow clipping may hide pedestrians, vehicles, road markings, and other scene details."",""confidence"":1.0,""description"":""A large portion of the image contains severely dark pixels.""}]"
C:\Users\Shreya Dubey\OneDrive\Documents\Projects\visionguard\datasets\smart_city_benchmark\traffic\images\bdd100k_traffic_032.jpg,Traffic Monitoring,BDD100K,47,46.69,LIMITED READINESS,[]
C:\Users\Shreya Dubey\OneDrive\Documents\Projects\visionguard\datasets\smart_city_benchmark\traffic\images\bdd100k_traffic_033.jpg,Traffic Monitoring,BDD100K,57,57.43,LIMITED READINESS,[]
C:\Users\Shreya Dubey\OneDrive\Documents\Projects\visionguard\datasets\smart_city_benchmark\traffic\images\bdd100k_traffic_034.jpg,Traffic Monitoring,BDD100K,58,57.6,LIMITED READINESS,[]
C:\Users\Shreya Dubey\OneDrive\Documents\Projects\visionguard\datasets\smart_city_benchmark\traffic\images\bdd100k_traffic_035.jpg,Traffic Monitoring,BDD100K,51,26.39,NOT READY,"[{""type"":""underexposure"",""severity"":""critical"",""metric"":""dark_pixel_ratio"",""value"":86.2,""threshold"":50.0,""impact"":""Severe shadow clipping may hide pedestrians, vehicles, road markings, and other scene details."",""confidence"":1.0,""description"":""A large portion of the image contains severely dark pixels.""}]"
C:\Users\Shreya Dubey\OneDrive\Documents\Projects\visionguard\datasets\smart_city_benchmark\traffic\images\bdd100k_traffic_036.jpg,Traffic Monitoring,BDD100K,70,44.86,LIMITED READINESS,"[{""type"":""underexposure"",""severity"":""critical"",""metric"":""dark_pixel_ratio"",""value"":51.94,""threshold"":50.0,""impact"":""Severe shadow clipping may hide pedestrians, vehicles, road markings, and other scene details."",""confidence"":1.0,""description"":""A large portion of the image contains severely dark pixels.""}]"
C:\Users\Shreya Dubey\OneDrive\Documents\Projects\visionguard\datasets\smart_city_benchmark\traffic\images\bdd100k_traffic_037.jpg,Traffic Monitoring,BDD100K,68,68.11,READY,[]
C:\Users\Shreya Dubey\OneDrive\Documents\Projects\visionguard\datasets\smart_city_benchmark\traffic\images\bdd100k_traffic_038.jpg,Traffic Monitoring,BDD100K,62,62.49,READY,[]
C:\Users\Shreya Dubey\OneDrive\Documents\Projects\visionguard\datasets\smart_city_benchmark\traffic\images\bdd100k_traffic_039.jpg,Traffic Monitoring,BDD100K,68,53.11,LIMITED READINESS,"[{""type"":""underexposure"",""severity"":""high"",""metric"":""dark_pixel_ratio"",""value"":15.24,""threshold"":25.0,""impact"":""May reduce pedestrian and vehicle detection reliability."",""confidence"":1.0,""description"":""A significant portion of the image is underexposed.""}]"
C:\Users\Shreya Dubey\OneDrive\Documents\Projects\visionguard\datasets\smart_city_benchmark\traffic\images\bdd100k_traffic_040.jpg,Traffic Monitoring,BDD100K,47,46.69,LIMITED READINESS,[]
C:\Users\Shreya Dubey\OneDrive\Documents\Projects\visionguard\datasets\smart_city_benchmark\traffic\images\bdd100k_traffic_041.jpg,Traffic Monitoring,BDD100K,58,58.23,LIMITED READINESS,[]
C:\Users\Shreya Dubey\OneDrive\Documents\Projects\visionguard\datasets\smart_city_benchmark\traffic\images\bdd100k_traffic_042.jpg,Traffic Monitoring,BDD100K,38,13.4,CRITICAL / REJECT,"[{""type"":""underexposure"",""severity"":""critical"",""metric"":""dark_pixel_ratio"",""value"":85.3,""threshold"":50.0,""impact"":""Severe shadow clipping may hide pedestrians, vehicles, road markings, and other scene details."",""confidence"":1.0,""description"":""A large portion of the image contains severely dark pixels.""}]"
C:\Users\Shreya Dubey\OneDrive\Documents\Projects\visionguard\datasets\smart_city_benchmark\traffic\images\bdd100k_traffic_043.jpg,Traffic Monitoring,BDD100K,70,54.86,LIMITED READINESS,"[{""type"":""underexposure"",""severity"":""high"",""metric"":""dark_pixel_ratio"",""value"":15.02,""threshold"":25.0,""impact"":""May reduce pedestrian and vehicle detection reliability."",""confidence"":1.0,""description"":""A significant portion of the image is underexposed.""}]"
C:\Users\Shreya Dubey\OneDrive\Documents\Projects\visionguard\datasets\smart_city_benchmark\traffic\images\bdd100k_traffic_044.jpg,Traffic Monitoring,BDD100K,34,34.41,NOT READY,[]
C:\Users\Shreya Dubey\OneDrive\Documents\Projects\visionguard\datasets\smart_city_benchmark\traffic\images\bdd100k_traffic_045.jpg,Traffic Monitoring,BDD100K,58,33.23,NOT READY,"[{""type"":""underexposure"",""severity"":""critical"",""metric"":""dark_pixel_ratio"",""value"":43.46,""threshold"":50.0,""impact"":""Severe shadow clipping may hide pedestrians, vehicles, road markings, and other scene details."",""confidence"":1.0,""description"":""A large portion of the image contains severely dark pixels.""}]"
C:\Users\Shreya Dubey\OneDrive\Documents\Projects\visionguard\datasets\smart_city_benchmark\traffic\images\bdd100k_traffic_046.jpg,Traffic Monitoring,BDD100K,51,51.39,LIMITED READINESS,[]
C:\Users\Shreya Dubey\OneDrive\Documents\Projects\visionguard\datasets\smart_city_benchmark\traffic\images\bdd100k_traffic_047.jpg,Traffic Monitoring,BDD100K,62,47.49,LIMITED READINESS,"[{""type"":""overexposure"",""severity"":""high"",""metric"":""bright_pixel_ratio"",""value"":10.61,""threshold"":10.0,""impact"":""Highlight clipping may reduce reliability of downstream visual analytics."",""confidence"":1.0,""description"":""Bright regions are losing visual information.""}]"
C:\Users\Shreya Dubey\OneDrive\Documents\Projects\visionguard\datasets\smart_city_benchmark\traffic\images\bdd100k_traffic_048.jpg,Traffic Monitoring,BDD100K,38,38.29,NOT READY,[]
C:\Users\Shreya Dubey\OneDrive\Documents\Projects\visionguard\datasets\smart_city_benchmark\traffic\images\bdd100k_traffic_049.jpg,Traffic Monitoring,BDD100K,47,21.69,NOT READY,"[{""type"":""underexposure"",""severity"":""critical"",""metric"":""dark_pixel_ratio"",""value"":64.86,""threshold"":50.0,""impact"":""Severe shadow clipping may hide pedestrians, vehicles, road markings, and other scene details."",""confidence"":1.0,""description"":""A large portion of the image contains severely dark pixels.""}]"
C:\Users\Shreya Dubey\OneDrive\Documents\Projects\visionguard\datasets\smart_city_benchmark\traffic\images\bdd100k_traffic_050.jpg,Traffic Monitoring,BDD100K,46,25.89,NOT READY,"[{""type"":""insufficient_sharpness"",""severity"":""high"",""metric"":""laplacian_variance"",""value"":36.73,""threshold"":40.0,""impact"":""Reduced edge detail may lower detection reliability for small, distant, or fast-moving objects."",""confidence"":1.0,""description"":""Image sharpness is below the recommended range.""}]"
C:\Users\Shreya Dubey\OneDrive\Documents\Projects\visionguard\datasets\smart_city_benchmark\traffic\images\bdd100k_traffic_051.jpg,Traffic Monitoring,BDD100K,58,58.23,LIMITED READINESS,[]
C:\Users\Shreya Dubey\OneDrive\Documents\Projects\visionguard\datasets\smart_city_benchmark\traffic\images\bdd100k_traffic_052.jpg,Traffic Monitoring,BDD100K,42,0.0,CRITICAL / REJECT,"[{""type"":""insufficient_sharpness"",""severity"":""high"",""metric"":""laplacian_variance"",""value"":24.98,""threshold"":40.0,""impact"":""Reduced edge detail may lower detection reliability for small, distant, or fast-moving objects."",""confidence"":1.0,""description"":""Image sharpness is below the recommended range.""},{""type"":""underexposure"",""severity"":""critical"",""metric"":""dark_pixel_ratio"",""value"":85.3,""threshold"":50.0,""impact"":""Severe shadow clipping may hide pedestrians, vehicles, road markings, and other scene details."",""confidence"":1.0,""description"":""A large portion of the image contains severely dark pixels.""}]"
C:\Users\Shreya Dubey\OneDrive\Documents\Projects\visionguard\datasets\smart_city_benchmark\traffic\images\bdd100k_traffic_053.jpg,Traffic Monitoring,BDD100K,51,26.39,NOT READY,"[{""type"":""underexposure"",""severity"":""critical"",""metric"":""dark_pixel_ratio"",""value"":72.68,""threshold"":50.0,""impact"":""Severe shadow clipping may hide pedestrians, vehicles, road markings, and other scene details."",""confidence"":1.0,""description"":""A large portion of the image contains severely dark pixels.""}]"
C:\Users\Shreya Dubey\OneDrive\Documents\Projects\visionguard\datasets\smart_city_benchmark\traffic\images\bdd100k_traffic_054.jpg,Traffic Monitoring,BDD100K,58,58.23,LIMITED READINESS,[]
C:\Users\Shreya Dubey\OneDrive\Documents\Projects\visionguard\datasets\smart_city_benchmark\traffic\images\bdd100k_traffic_055.jpg,Traffic Monitoring,BDD100K,62,62.49,READY,[]
C:\Users\Shreya Dubey\OneDrive\Documents\Projects\visionguard\datasets\smart_city_benchmark\traffic\images\bdd100k_traffic_056.jpg,Traffic Monitoring,BDD100K,47,46.63,LIMITED READINESS,[]
C:\Users\Shreya Dubey\OneDrive\Documents\Projects\visionguard\datasets\smart_city_benchmark\traffic\images\bdd100k_traffic_057.jpg,Traffic Monitoring,BDD100K,62,37.5,NOT READY,"[{""type"":""underexposure"",""severity"":""critical"",""metric"":""dark_pixel_ratio"",""value"":74.41,""threshold"":50.0,""impact"":""Severe shadow clipping may hide pedestrians, vehicles, road markings, and other scene details."",""confidence"":1.0,""description"":""A large portion of the image contains severely dark pixels.""}]"
C:\Users\Shreya Dubey\OneDrive\Documents\Projects\visionguard\datasets\smart_city_benchmark\traffic\images\bdd100k_traffic_058.jpg,Traffic Monitoring,BDD100K,70,69.86,READY,[]
C:\Users\Shreya Dubey\OneDrive\Documents\Projects\visionguard\datasets\smart_city_benchmark\traffic\images\bdd100k_traffic_059.jpg,Traffic Monitoring,BDD100K,40,39.67,NOT READY,[]
C:\Users\Shreya Dubey\OneDrive\Documents\Projects\visionguard\datasets\smart_city_benchmark\traffic\images\bdd100k_traffic_060.jpg,Traffic Monitoring,BDD100K,46,0.89,CRITICAL / REJECT,"[{""type"":""insufficient_sharpness"",""severity"":""high"",""metric"":""laplacian_variance"",""value"":27.43,""threshold"":40.0,""impact"":""Reduced edge detail may lower detection reliability for small, distant, or fast-moving objects."",""confidence"":1.0,""description"":""Image sharpness is below the recommended range.""},{""type"":""underexposure"",""severity"":""critical"",""metric"":""dark_pixel_ratio"",""value"":76.59,""threshold"":50.0,""impact"":""Severe shadow clipping may hide pedestrians, vehicles, road markings, and other scene details."",""confidence"":1.0,""description"":""A large portion of the image contains severely dark pixels.""}]"
C:\Users\Shreya Dubey\OneDrive\Documents\Projects\visionguard\datasets\smart_city_benchmark\traffic\images\bdd100k_traffic_061.jpg,Traffic Monitoring,BDD100K,62,37.49,NOT READY,"[{""type"":""underexposure"",""severity"":""critical"",""metric"":""dark_pixel_ratio"",""value"":72.41,""threshold"":50.0,""impact"":""Severe shadow clipping may hide pedestrians, vehicles, road markings, and other scene details."",""confidence"":1.0,""description"":""A large portion of the image contains severely dark pixels.""}]"
C:\Users\Shreya Dubey\OneDrive\Documents\Projects\visionguard\datasets\smart_city_benchmark\traffic\images\bdd100k_traffic_062.jpg,Traffic Monitoring,BDD100K,51,51.39,LIMITED READINESS,[]
C:\Users\Shreya Dubey\OneDrive\Documents\Projects\visionguard\datasets\smart_city_benchmark\traffic\images\bdd100k_traffic_063.jpg,Traffic Monitoring,BDD100K,58,58.23,LIMITED READINESS,[]
C:\Users\Shreya Dubey\OneDrive\Documents\Projects\visionguard\datasets\smart_city_benchmark\traffic\images\bdd100k_traffic_064.jpg,Traffic Monitoring,BDD100K,68,68.11,READY,[]
C:\Users\Shreya Dubey\OneDrive\Documents\Projects\visionguard\datasets\smart_city_benchmark\traffic\images\bdd100k_traffic_065.jpg,Traffic Monitoring,BDD100K,68,53.11,LIMITED READINESS,"[{""type"":""overexposure"",""severity"":""high"",""metric"":""bright_pixel_ratio"",""value"":14.12,""threshold"":10.0,""impact"":""Highlight clipping may reduce reliability of downstream visual analytics."",""confidence"":1.0,""description"":""Bright regions are losing visual information.""}]"
C:\Users\Shreya Dubey\OneDrive\Documents\Projects\visionguard\datasets\smart_city_benchmark\traffic\images\bdd100k_traffic_066.jpg,Traffic Monitoring,BDD100K,47,21.69,NOT READY,"[{""type"":""underexposure"",""severity"":""critical"",""metric"":""dark_pixel_ratio"",""value"":81.28,""threshold"":50.0,""impact"":""Severe shadow clipping may hide pedestrians, vehicles, road markings, and other scene details."",""confidence"":1.0,""description"":""A large portion of the image contains severely dark pixels.""}]"
C:\Users\Shreya Dubey\OneDrive\Documents\Projects\visionguard\datasets\smart_city_benchmark\traffic\images\bdd100k_traffic_067.jpg,Traffic Monitoring,BDD100K,38,23.29,NOT READY,"[{""type"":""overexposure"",""severity"":""high"",""metric"":""bright_pixel_ratio"",""value"":11.09,""threshold"":10.0,""impact"":""Highlight clipping may reduce reliability of downstream visual analytics."",""confidence"":1.0,""description"":""Bright regions are losing visual information.""}]"
C:\Users\Shreya Dubey\OneDrive\Documents\Projects\visionguard\datasets\smart_city_benchmark\traffic\images\bdd100k_traffic_068.jpg,Traffic Monitoring,BDD100K,40,0.0,CRITICAL / REJECT,"[{""type"":""insufficient_sharpness"",""severity"":""high"",""metric"":""laplacian_variance"",""value"":28.63,""threshold"":40.0,""impact"":""Reduced edge detail may lower detection reliability for small, distant, or fast-moving objects."",""confidence"":1.0,""description"":""Image sharpness is below the recommended range.""},{""type"":""underexposure"",""severity"":""critical"",""metric"":""dark_pixel_ratio"",""value"":73.28,""threshold"":50.0,""impact"":""Severe shadow clipping may hide pedestrians, vehicles, road markings, and other scene details."",""confidence"":1.0,""description"":""A large portion of the image contains severely dark pixels.""}]"
C:\Users\Shreya Dubey\OneDrive\Documents\Projects\visionguard\datasets\smart_city_benchmark\traffic\images\bdd100k_traffic_069.jpg,Traffic Monitoring,BDD100K,46,20.89,NOT READY,"[{""type"":""underexposure"",""severity"":""critical"",""metric"":""dark_pixel_ratio"",""value"":83.0,""threshold"":50.0,""impact"":""Severe shadow clipping may hide pedestrians, vehicles, road markings, and other scene details."",""confidence"":1.0,""description"":""A large portion of the image contains severely dark pixels.""}]"
C:\Users\Shreya Dubey\OneDrive\Documents\Projects\visionguard\datasets\smart_city_benchmark\traffic\images\bdd100k_traffic_070.jpg,Traffic Monitoring,BDD100K,59,34.32,NOT READY,"[{""type"":""underexposure"",""severity"":""critical"",""metric"":""dark_pixel_ratio"",""value"":47.56,""threshold"":50.0,""impact"":""Severe shadow clipping may hide pedestrians, vehicles, road markings, and other scene details."",""confidence"":1.0,""description"":""A large portion of the image contains severely dark pixels.""}]"
C:\Users\Shreya Dubey\OneDrive\Documents\Projects\visionguard\datasets\smart_city_benchmark\traffic\images\bdd100k_traffic_071.jpg,Traffic Monitoring,BDD100K,58,33.23,NOT READY,"[{""type"":""underexposure"",""severity"":""critical"",""metric"":""dark_pixel_ratio"",""value"":70.11,""threshold"":50.0,""impact"":""Severe shadow clipping may hide pedestrians, vehicles, road markings, and other scene details."",""confidence"":1.0,""description"":""A large portion of the image contains severely dark pixels.""}]"
C:\Users\Shreya Dubey\OneDrive\Documents\Projects\visionguard\datasets\smart_city_benchmark\traffic\images\bdd100k_traffic_072.jpg,Traffic Monitoring,BDD100K,73,57.86,LIMITED READINESS,"[{""type"":""underexposure"",""severity"":""high"",""metric"":""dark_pixel_ratio"",""value"":19.81,""threshold"":25.0,""impact"":""May reduce pedestrian and vehicle detection reliability."",""confidence"":1.0,""description"":""A significant portion of the image is underexposed.""}]"
C:\Users\Shreya Dubey\OneDrive\Documents\Projects\visionguard\datasets\smart_city_benchmark\traffic\images\bdd100k_traffic_073.jpg,Traffic Monitoring,BDD100K,58,57.6,LIMITED READINESS,[]
C:\Users\Shreya Dubey\OneDrive\Documents\Projects\visionguard\datasets\smart_city_benchmark\traffic\images\bdd100k_traffic_074.jpg,Traffic Monitoring,BDD100K,42,0.0,CRITICAL / REJECT,"[{""type"":""insufficient_sharpness"",""severity"":""high"",""metric"":""laplacian_variance"",""value"":22.37,""threshold"":40.0,""impact"":""Reduced edge detail may lower detection reliability for small, distant, or fast-moving objects."",""confidence"":1.0,""description"":""Image sharpness is below the recommended range.""},{""type"":""underexposure"",""severity"":""critical"",""metric"":""dark_pixel_ratio"",""value"":85.68,""threshold"":50.0,""impact"":""Severe shadow clipping may hide pedestrians, vehicles, road markings, and other scene details."",""confidence"":1.0,""description"":""A large portion of the image contains severely dark pixels.""}]"
C:\Users\Shreya Dubey\OneDrive\Documents\Projects\visionguard\datasets\smart_city_benchmark\traffic\images\bdd100k_traffic_075.jpg,Traffic Monitoring,BDD100K,62,62.49,READY,[]
C:\Users\Shreya Dubey\OneDrive\Documents\Projects\visionguard\datasets\smart_city_benchmark\traffic\images\bdd100k_traffic_076.jpg,Traffic Monitoring,BDD100K,70,54.86,LIMITED READINESS,"[{""type"":""underexposure"",""severity"":""high"",""metric"":""dark_pixel_ratio"",""value"":32.4,""threshold"":25.0,""impact"":""May reduce pedestrian and vehicle detection reliability."",""confidence"":1.0,""description"":""A significant portion of the image is underexposed.""}]"
C:\Users\Shreya Dubey\OneDrive\Documents\Projects\visionguard\datasets\smart_city_benchmark\traffic\images\bdd100k_traffic_077.jpg,Traffic Monitoring,BDD100K,47,1.69,CRITICAL / REJECT,"[{""type"":""insufficient_sharpness"",""severity"":""high"",""metric"":""laplacian_variance"",""value"":20.06,""threshold"":40.0,""impact"":""Reduced edge detail may lower detection reliability for small, distant, or fast-moving objects."",""confidence"":1.0,""description"":""Image sharpness is below the recommended range.""},{""type"":""underexposure"",""severity"":""critical"",""metric"":""dark_pixel_ratio"",""value"":77.89,""threshold"":50.0,""impact"":""Severe shadow clipping may hide pedestrians, vehicles, road markings, and other scene details."",""confidence"":1.0,""description"":""A large portion of the image contains severely dark pixels.""}]"
C:\Users\Shreya Dubey\OneDrive\Documents\Projects\visionguard\datasets\smart_city_benchmark\traffic\images\bdd100k_traffic_078.jpg,Traffic Monitoring,BDD100K,40,14.67,CRITICAL / REJECT,"[{""type"":""underexposure"",""severity"":""critical"",""metric"":""dark_pixel_ratio"",""value"":84.22,""threshold"":50.0,""impact"":""Severe shadow clipping may hide pedestrians, vehicles, road markings, and other scene details."",""confidence"":1.0,""description"":""A large portion of the image contains severely dark pixels.""}]"
C:\Users\Shreya Dubey\OneDrive\Documents\Projects\visionguard\datasets\smart_city_benchmark\traffic\images\bdd100k_traffic_079.jpg,Traffic Monitoring,BDD100K,51,51.39,LIMITED READINESS,[]
C:\Users\Shreya Dubey\OneDrive\Documents\Projects\visionguard\datasets\smart_city_benchmark\traffic\images\bdd100k_traffic_080.jpg,Traffic Monitoring,BDD100K,62,62.49,READY,[]
C:\Users\Shreya Dubey\OneDrive\Documents\Projects\visionguard\datasets\smart_city_benchmark\traffic\images\bdd100k_traffic_081.jpg,Traffic Monitoring,BDD100K,57,57.43,LIMITED READINESS,[]
C:\Users\Shreya Dubey\OneDrive\Documents\Projects\visionguard\datasets\smart_city_benchmark\traffic\images\bdd100k_traffic_082.jpg,Traffic Monitoring,BDD100K,73,57.86,LIMITED READINESS,"[{""type"":""underexposure"",""severity"":""high"",""metric"":""dark_pixel_ratio"",""value"":15.32,""threshold"":25.0,""impact"":""May reduce pedestrian and vehicle detection reliability."",""confidence"":1.0,""description"":""A significant portion of the image is underexposed.""}]"
C:\Users\Shreya Dubey\OneDrive\Documents\Projects\visionguard\datasets\smart_city_benchmark\traffic\images\bdd100k_traffic_083.jpg,Traffic Monitoring,BDD100K,70,54.86,LIMITED READINESS,"[{""type"":""overexposure"",""severity"":""high"",""metric"":""bright_pixel_ratio"",""value"":13.2,""threshold"":10.0,""impact"":""Highlight clipping may reduce reliability of downstream visual analytics."",""confidence"":1.0,""description"":""Bright regions are losing visual information.""}]"
C:\Users\Shreya Dubey\OneDrive\Documents\Projects\visionguard\datasets\smart_city_benchmark\traffic\images\bdd100k_traffic_084.jpg,Traffic Monitoring,BDD100K,51,51.39,LIMITED READINESS,[]
C:\Users\Shreya Dubey\OneDrive\Documents\Projects\visionguard\datasets\smart_city_benchmark\traffic\images\bdd100k_traffic_085.jpg,Traffic Monitoring,BDD100K,51,51.39,LIMITED READINESS,[]
C:\Users\Shreya Dubey\OneDrive\Documents\Projects\visionguard\datasets\smart_city_benchmark\traffic\images\bdd100k_traffic_086.jpg,Traffic Monitoring,BDD100K,74,48.77,LIMITED READINESS,"[{""type"":""underexposure"",""severity"":""critical"",""metric"":""dark_pixel_ratio"",""value"":47.94,""threshold"":50.0,""impact"":""Severe shadow clipping may hide pedestrians, vehicles, road markings, and other scene details."",""confidence"":1.0,""description"":""A large portion of the image contains severely dark pixels.""}]"
C:\Users\Shreya Dubey\OneDrive\Documents\Projects\visionguard\datasets\smart_city_benchmark\traffic\images\bdd100k_traffic_087.jpg,Traffic Monitoring,BDD100K,34,34.41,NOT READY,[]
C:\Users\Shreya Dubey\OneDrive\Documents\Projects\visionguard\datasets\smart_city_benchmark\traffic\images\bdd100k_traffic_088.jpg,Traffic Monitoring,BDD100K,51,26.39,NOT READY,"[{""type"":""underexposure"",""severity"":""critical"",""metric"":""dark_pixel_ratio"",""value"":79.99,""threshold"":50.0,""impact"":""Severe shadow clipping may hide pedestrians, vehicles, road markings, and other scene details."",""confidence"":1.0,""description"":""A large portion of the image contains severely dark pixels.""}]"
C:\Users\Shreya Dubey\OneDrive\Documents\Projects\visionguard\datasets\smart_city_benchmark\traffic\images\bdd100k_traffic_089.jpg,Traffic Monitoring,BDD100K,46,20.89,NOT READY,"[{""type"":""underexposure"",""severity"":""critical"",""metric"":""dark_pixel_ratio"",""value"":81.78,""threshold"":50.0,""impact"":""Severe shadow clipping may hide pedestrians, vehicles, road markings, and other scene details."",""confidence"":1.0,""description"":""A large portion of the image contains severely dark pixels.""}]"
C:\Users\Shreya Dubey\OneDrive\Documents\Projects\visionguard\datasets\smart_city_benchmark\traffic\images\bdd100k_traffic_090.jpg,Traffic Monitoring,BDD100K,46,45.89,LIMITED READINESS,[]
C:\Users\Shreya Dubey\OneDrive\Documents\Projects\visionguard\datasets\smart_city_benchmark\traffic\images\bdd100k_traffic_091.jpg,Traffic Monitoring,BDD100K,76,75.81,READY,[]
C:\Users\Shreya Dubey\OneDrive\Documents\Projects\visionguard\datasets\smart_city_benchmark\traffic\images\bdd100k_traffic_092.jpg,Traffic Monitoring,BDD100K,62,47.5,LIMITED READINESS,"[{""type"":""underexposure"",""severity"":""high"",""metric"":""dark_pixel_ratio"",""value"":15.48,""threshold"":25.0,""impact"":""May reduce pedestrian and vehicle detection reliability."",""confidence"":1.0,""description"":""A significant portion of the image is underexposed.""}]"
C:\Users\Shreya Dubey\OneDrive\Documents\Projects\visionguard\datasets\smart_city_benchmark\traffic\images\bdd100k_traffic_093.jpg,Traffic Monitoring,BDD100K,51,36.39,NOT READY,"[{""type"":""underexposure"",""severity"":""high"",""metric"":""dark_pixel_ratio"",""value"":15.21,""threshold"":25.0,""impact"":""May reduce pedestrian and vehicle detection reliability."",""confidence"":1.0,""description"":""A significant portion of the image is underexposed.""}]"
C:\Users\Shreya Dubey\OneDrive\Documents\Projects\visionguard\datasets\smart_city_benchmark\traffic\images\bdd100k_traffic_094.jpg,Traffic Monitoring,BDD100K,68,43.11,LIMITED READINESS,"[{""type"":""underexposure"",""severity"":""critical"",""metric"":""dark_pixel_ratio"",""value"":62.56,""threshold"":50.0,""impact"":""Severe shadow clipping may hide pedestrians, vehicles, road markings, and other scene details."",""confidence"":1.0,""description"":""A large portion of the image contains severely dark pixels.""}]"
C:\Users\Shreya Dubey\OneDrive\Documents\Projects\visionguard\datasets\smart_city_benchmark\traffic\images\bdd100k_traffic_095.jpg,Traffic Monitoring,BDD100K,58,32.6,NOT READY,"[{""type"":""underexposure"",""severity"":""critical"",""metric"":""dark_pixel_ratio"",""value"":59.65,""threshold"":50.0,""impact"":""Severe shadow clipping may hide pedestrians, vehicles, road markings, and other scene details."",""confidence"":1.0,""description"":""A large portion of the image contains severely dark pixels.""}]"
C:\Users\Shreya Dubey\OneDrive\Documents\Projects\visionguard\datasets\smart_city_benchmark\traffic\images\bdd100k_traffic_096.jpg,Traffic Monitoring,BDD100K,58,32.6,NOT READY,"[{""type"":""underexposure"",""severity"":""critical"",""metric"":""dark_pixel_ratio"",""value"":59.66,""threshold"":50.0,""impact"":""Severe shadow clipping may hide pedestrians, vehicles, road markings, and other scene details."",""confidence"":1.0,""description"":""A large portion of the image contains severely dark pixels.""}]"
C:\Users\Shreya Dubey\OneDrive\Documents\Projects\visionguard\datasets\smart_city_benchmark\traffic\images\bdd100k_traffic_097.jpg,Traffic Monitoring,BDD100K,73,57.86,LIMITED READINESS,"[{""type"":""underexposure"",""severity"":""high"",""metric"":""dark_pixel_ratio"",""value"":36.93,""threshold"":25.0,""impact"":""May reduce pedestrian and vehicle detection reliability."",""confidence"":1.0,""description"":""A significant portion of the image is underexposed.""}]"
C:\Users\Shreya Dubey\OneDrive\Documents\Projects\visionguard\datasets\smart_city_benchmark\traffic\images\bdd100k_traffic_098.jpg,Traffic Monitoring,BDD100K,62,62.49,READY,[]
C:\Users\Shreya Dubey\OneDrive\Documents\Projects\visionguard\datasets\smart_city_benchmark\traffic\images\bdd100k_traffic_099.jpg,Traffic Monitoring,BDD100K,68,68.11,READY,[]
C:\Users\Shreya Dubey\OneDrive\Documents\Projects\visionguard\datasets\smart_city_benchmark\traffic\images\bdd100k_traffic_100.jpg,Traffic Monitoring,BDD100K,70,54.86,LIMITED READINESS,"[{""type"":""underexposure"",""severity"":""high"",""metric"":""dark_pixel_ratio"",""value"":16.83,""threshold"":25.0,""impact"":""May reduce pedestrian and vehicle detection reliability."",""confidence"":1.0,""description"":""A significant portion of the image is underexposed.""}]"
